graph,layout,parameters,prompt_type,reasoning_type,response,parsed_response,ground_truth,accuracy,latency,input_tokens,output_tokens,total_tokens
ba_n100_m2,FMMM,"{'start_node': '2', 'end_node': '37'}",zero_shot,standard,"Neighbours: 1, 5, Number: 2","{'neighbours': ['1', '5'], 'number': 2}","{'neighbours': ['1', '5'], 'number': 2}",1.0,5.0940539836883545,2080,12,2092
ba_n100_m2,FMMM,"{'start_node': '2', 'end_node': '37'}",zero_shot,cot,"1) Identify all neighboring nodes of node 2:
- From the adjacency list: 1, 4, 5, 7, 8, 9, 16, 18, 22, 28, 29, 44, 46, 50, 66, 68, 76, 79, 98, 100

2) Identify all neighboring nodes of node 37:
- From the adjacency list: 1, 5

3) Determine which nodes appear in both neighbor lists:
- Common neighbors: 1, 5

4) Count the number of common neighbors:
- Number of common neighbors: 2

Final answer:
Neighbours: 1, 5, Number: 2","{'neighbours': ['1', '5'], 'number': 2}","{'neighbours': ['1', '5'], 'number': 2}",1.0,10.64684009552002,2129,154,2283
ba_n100_m2,FMMM,"{'start_node': '2', 'end_node': '37'}",few_shots,standard,"Neighbours: [1, 5], Number: 2","{'neighbours': ['1', '5'], 'number': 2}","{'neighbours': ['1', '5'], 'number': 2}",1.0,5.118062257766724,4070,12,4082
ba_n100_m2,FMMM,"{'start_node': '2', 'end_node': '37'}",few_shots,cot,"To solve this task, let's follow the steps:

1. **Identify all neighboring nodes of Node 2:**

   From the adjacency list:
   - Neighbours of Node 2: 1, 4, 5, 7, 8, 9, 16, 18, 22, 28, 29, 44, 46, 50, 66, 68, 76, 79, 98, 100

2. **Identify all neighboring nodes of Node 37:**

   From the adjacency list:
   - Neighbours of Node 37: 1, 5

3. **Determine which nodes appear in both neighbor lists:**

   - Common neighbours: 1, 5

4. **Count the number of common neighbors:**

   - Number of common neighbours: 2

Cross-checking with the visual representation confirms these connections.

Final answer:

Neighbours: [1, 5], Number: 2","{'neighbours': ['1', '5'], 'number': 2}","{'neighbours': ['1', '5'], 'number': 2}",1.0,11.87487506866455,4298,203,4501
ba_n100_m2,FMMM,"{'start_node': '1', 'end_node': '47'}",zero_shot,standard,"Neighbours: 16, 18, Number: 2","{'neighbours': ['16', '18'], 'number': 2}","{'neighbours': ['18'], 'number': 1}",0.5,4.19790506362915,2080,12,2092
ba_n100_m2,FMMM,"{'start_node': '1', 'end_node': '47'}",zero_shot,cot,"1) **Identify all neighboring nodes of node 1:**

From the adjacency list, the neighbors of node 1 are:
\[2, 3, 4, 6, 8, 10, 11, 12, 14, 15, 18, 19, 20, 21, 23, 24, 26, 29, 33, 37, 39, 45, 46, 48, 51, 58, 61, 62, 69, 72, 78, 79, 87, 89, 92, 99\]

2) **Identify all neighboring nodes of node 47:**

From the adjacency list, the neighbors of node 47 are:
\[16, 18\]

3) **Determine which nodes appear in both neighbor lists:**

The common neighbor between nodes 1 and 47 is:
\[18\]

4) **Count the number of common neighbors:**

There is 1 common neighbor.

**Final Answer:**

Neighbours: [18], Number: 1","{'neighbours': ['18'], 'number': 1}","{'neighbours': ['18'], 'number': 1}",1.0,12.18483567237854,2129,229,2358
ba_n100_m2,FMMM,"{'start_node': '1', 'end_node': '47'}",few_shots,standard,"Neighbours: [16, 18], Number: 2","{'neighbours': ['16', '18'], 'number': 2}","{'neighbours': ['18'], 'number': 1}",0.5,5.5274200439453125,4070,12,4082
ba_n100_m2,FMMM,"{'start_node': '1', 'end_node': '47'}",few_shots,cot,"To solve this task, let's follow the steps:

1. **Identify all neighboring nodes of Node 1:**

   From the adjacency list, Node 1 has the following neighbors:
   2, 3, 4, 6, 8, 10, 11, 12, 14, 15, 18, 19, 20, 21, 23, 24, 26, 29, 33, 37, 39, 45, 46, 48, 51, 58, 61, 62, 69, 72, 78, 79, 87, 89, 92, 99

2. **Identify all neighboring nodes of Node 47:**

   From the adjacency list, Node 47 has the following neighbors:
   16, 18

3. **Determine which nodes appear in both neighbor lists:**

   The common neighbor between Node 1 and Node 47 is:
   18

4. **Count the number of common neighbors:**

   There is 1 common neighbor.

Therefore, the solution is:

Neighbours: [18], Number: 1","{'neighbours': ['18'], 'number': 1}","{'neighbours': ['18'], 'number': 1}",1.0,15.461883306503296,4298,245,4543
ba_n100_m2,ORTHO,"{'start_node': '2', 'end_node': '37'}",zero_shot,standard,"Neighbours: 1, 5, Number: 2","{'neighbours': ['1', '5'], 'number': 2}","{'neighbours': ['1', '5'], 'number': 2}",1.0,2.6590640544891357,2080,12,2092
ba_n100_m2,ORTHO,"{'start_node': '2', 'end_node': '37'}",zero_shot,cot,"To find the common neighbors of nodes 2 and 37, follow these steps:

1. **Identify all neighboring nodes of node 2:**
   - From the adjacency list, node 2 is connected to: 1, 4, 5, 7, 8, 9, 16, 18, 22, 28, 29, 44, 46, 50, 66, 68, 76, 79, 98, 100.

2. **Identify all neighboring nodes of node 37:**
   - From the adjacency list, node 37 is connected to: 1, 5.

3. **Determine which nodes appear in both neighbor lists:**
   - Common neighbors of nodes 2 and 37 are: 1, 5.

4. **Count the number of common neighbors:**
   - There are 2 common neighbors.

Final answer:
- Neighbours: 1, 5, Number: 2","{'neighbours': ['1', '5'], 'number': 2}","{'neighbours': ['1', '5'], 'number': 2}",1.0,9.0109121799469,2129,206,2335
ba_n100_m2,ORTHO,"{'start_node': '2', 'end_node': '37'}",few_shots,standard,"Neighbours: [1, 5], Number: 2","{'neighbours': ['1', '5'], 'number': 2}","{'neighbours': ['1', '5'], 'number': 2}",1.0,3.883849859237671,4070,12,4082
ba_n100_m2,ORTHO,"{'start_node': '2', 'end_node': '37'}",few_shots,cot,"To find the common neighbors of nodes 2 and 37, let's follow the steps:

1. **Identify all neighboring nodes of node 2:**
   - From the adjacency list: 1, 4, 5, 7, 8, 9, 16, 18, 22, 28, 29, 44, 46, 50, 66, 68, 76, 79, 98, 100

2. **Identify all neighboring nodes of node 37:**
   - From the adjacency list: 1, 5

3. **Determine which nodes appear in both neighbor lists:**
   - Common neighbors: 1, 5

4. **Count the number of common neighbors:**
   - Number of common neighbors: 2

Therefore, the solution is:

Neighbours: [1, 5], Number: 2","{'neighbours': ['1', '5'], 'number': 2}","{'neighbours': ['1', '5'], 'number': 2}",1.0,11.036436080932617,4298,187,4485
ba_n100_m2,ORTHO,"{'start_node': '1', 'end_node': '47'}",zero_shot,standard,"Neighbours: 18, 16, Number: 2","{'neighbours': ['18', '16'], 'number': 2}","{'neighbours': ['18'], 'number': 1}",0.5,2.4824790954589844,2080,12,2092
ba_n100_m2,ORTHO,"{'start_node': '1', 'end_node': '47'}",zero_shot,cot,"To find the common neighbors of nodes 1 and 47, follow these steps:

1. **Identify all neighboring nodes of node 1:**
   - From the adjacency list, the neighbors of node 1 are: 2, 3, 4, 6, 8, 10, 11, 12, 14, 15, 18, 19, 20, 21, 23, 24, 26, 29, 33, 37, 39, 45, 46, 48, 51, 58, 61, 62, 69, 72, 78, 79, 87, 89, 92, 99.

2. **Identify all neighboring nodes of node 47:**
   - From the adjacency list, the neighbors of node 47 are: 16, 18.

3. **Determine which nodes appear in both neighbor lists:**
   - The common neighbor between nodes 1 and 47 is: 18.

4. **Count the number of common neighbors:**
   - There is 1 common neighbor.

Final answer:
- Neighbours: 18, Number: 1","{'neighbours': ['18'], 'number': 1}","{'neighbours': ['18'], 'number': 1}",1.0,11.774209976196289,2129,251,2380
ba_n100_m2,ORTHO,"{'start_node': '1', 'end_node': '47'}",few_shots,standard,"Neighbours: [16, 18], Number: 2","{'neighbours': ['16', '18'], 'number': 2}","{'neighbours': ['18'], 'number': 1}",0.5,4.091687917709351,4070,12,4082
ba_n100_m2,ORTHO,"{'start_node': '1', 'end_node': '47'}",few_shots,cot,"To solve this task, let's follow the steps:

1. **Identify all neighboring nodes of Node 1:**

   From the adjacency list, Node 1 has the following neighbors:
   2, 3, 4, 6, 8, 10, 11, 12, 14, 15, 18, 19, 20, 21, 23, 24, 26, 29, 33, 37, 39, 45, 46, 48, 51, 58, 61, 62, 69, 72, 78, 79, 87, 89, 92, 99

2. **Identify all neighboring nodes of Node 47:**

   From the adjacency list, Node 47 has the following neighbors:
   16, 18

3. **Determine which nodes appear in both neighbor lists:**

   The common neighbor between Node 1 and Node 47 is:
   18

4. **Count the number of common neighbors:**

   There is 1 common neighbor.

Therefore, the solution is:

Neighbours: [18], Number: 1","{'neighbours': ['18'], 'number': 1}","{'neighbours': ['18'], 'number': 1}",1.0,13.615461111068726,4298,245,4543
ba_n100_m3,FMMM,"{'start_node': '5', 'end_node': '95'}",zero_shot,standard,"Neighbours: 1, 2, 68, Number: 3","{'neighbours': ['1', '2', '68'], 'number': 3}","{'neighbours': ['1', '68'], 'number': 2}",0.667,5.164320945739746,2460,15,2475
ba_n100_m3,FMMM,"{'start_node': '5', 'end_node': '95'}",zero_shot,cot,"To find the common neighbors of nodes 5 and 95, follow these steps:

1. **Identify all neighboring nodes of node 5:**
   - From the adjacency list: 1, 3, 4, 6, 10, 11, 12, 13, 17, 21, 22, 26, 30, 31, 35, 38, 39, 53, 56, 57, 59, 63, 68, 70, 73, 75, 79, 85, 86, 94
   - From the visual representation, verify these connections.

2. **Identify all neighboring nodes of node 95:**
   - From the adjacency list: 1, 2, 68
   - From the visual representation, verify these connections.

3. **Determine which nodes appear in both neighbor lists:**
   - Common neighbors: 1, 68

4. **Count the number of common neighbors:**
   - Number of common neighbors: 2

Final answer:
- Neighbours: 1, 68, Number: 2","{'neighbours': ['1', '68'], 'number': 2}","{'neighbours': ['1', '68'], 'number': 2}",1.0,16.255340814590454,2509,240,2749
ba_n100_m3,FMMM,"{'start_node': '5', 'end_node': '95'}",few_shots,standard,"Neighbours: [1, 68], Number: 2","{'neighbours': ['1', '68'], 'number': 2}","{'neighbours': ['1', '68'], 'number': 2}",1.0,6.502354145050049,4450,12,4462
ba_n100_m3,FMMM,"{'start_node': '5', 'end_node': '95'}",few_shots,cot,"To find the common neighbors of nodes 5 and 95, follow these steps:

1. **Identify all neighboring nodes of Node 5:**
   - From the adjacency list: 1, 3, 4, 6, 10, 11, 12, 13, 17, 21, 22, 26, 30, 31, 35, 38, 39, 53, 56, 57, 59, 63, 68, 70, 73, 75, 79, 85, 86, 94
   - Cross-check with the visual representation to confirm these connections.

2. **Identify all neighboring nodes of Node 95:**
   - From the adjacency list: 1, 2, 68
   - Cross-check with the visual representation to confirm these connections.

3. **Determine common neighbors:**
   - Compare the lists from steps 1 and 2.
   - Common neighbors: 1, 68

4. **Count the number of common neighbors:**
   - There are 2 common neighbors.

Final answer:
- Neighbours: [1, 68], Number: 2","{'neighbours': ['1', '68'], 'number': 2}","{'neighbours': ['1', '68'], 'number': 2}",1.0,19.485809803009033,4678,251,4929
ba_n100_m3,FMMM,"{'start_node': '2', 'end_node': '44'}",zero_shot,standard,"Neighbours: 1, 7, Number: 2","{'neighbours': ['1', '7'], 'number': 2}","{'neighbours': ['1'], 'number': 1}",0.5,4.5702760219573975,2460,12,2472
ba_n100_m3,FMMM,"{'start_node': '2', 'end_node': '44'}",zero_shot,cot,"1) **Identify all neighboring nodes of node 2:**

From the adjacency list:
- Neighbours of node 2: 1, 6, 9, 13, 32, 33, 44, 48, 52, 70, 71, 95

2) **Identify all neighboring nodes of node 44:**

From the adjacency list:
- Neighbours of node 44: 1, 2, 7, 60

3) **Determine common neighbors:**

- Common neighbours of nodes 2 and 44: 1

4) **Count the number of common neighbors:**

- Number of common neighbours: 1

Final answer:
- Neighbours: 1, Number: 1","{'neighbours': ['1'], 'number': 1}","{'neighbours': ['1'], 'number': 1}",1.0,11.878545999526978,2509,156,2665
ba_n100_m3,FMMM,"{'start_node': '2', 'end_node': '44'}",few_shots,standard,"Neighbours: [1, 7], Number: 2","{'neighbours': ['1', '7'], 'number': 2}","{'neighbours': ['1'], 'number': 1}",0.5,5.838515043258667,4450,12,4462
ba_n100_m3,FMMM,"{'start_node': '2', 'end_node': '44'}",few_shots,cot,"To find the common neighbors of nodes 2 and 44, follow these steps:

1. **Identify all neighboring nodes of node 2:**
   - From the adjacency list: 1, 6, 9, 13, 32, 33, 44, 48, 52, 70, 71, 95
   - Confirmed by the visual representation.

2. **Identify all neighboring nodes of node 44:**
   - From the adjacency list: 1, 2, 7, 60
   - Confirmed by the visual representation.

3. **Determine common neighbors:**
   - Compare the lists: The common neighbor is node 1.

4. **Count the number of common neighbors:**
   - There is 1 common neighbor.

Final answer:
- Neighbours: [1], Number: 1","{'neighbours': ['1'], 'number': 1}","{'neighbours': ['1'], 'number': 1}",1.0,13.610588073730469,4678,179,4857
ba_n100_m3,ORTHO,"{'start_node': '5', 'end_node': '95'}",zero_shot,standard,"Neighbours: 1, 68, Number: 2","{'neighbours': ['1', '68'], 'number': 2}","{'neighbours': ['1', '68'], 'number': 2}",1.0,1.8414928913116455,2460,12,2472
ba_n100_m3,ORTHO,"{'start_node': '5', 'end_node': '95'}",zero_shot,cot,"To find the common neighbors of nodes 5 and 95, follow these steps:

1. **Identify all neighboring nodes of node 5:**
   - From the adjacency list, the neighbors of node 5 are: 1, 3, 4, 6, 10, 11, 12, 13, 17, 21, 22, 26, 30, 31, 35, 38, 39, 53, 56, 57, 59, 63, 68, 70, 73, 75, 79, 85, 86, 94.

2. **Identify all neighboring nodes of node 95:**
   - From the adjacency list, the neighbors of node 95 are: 1, 2, 68.

3. **Determine which nodes appear in both neighbor lists:**
   - Common neighbors of nodes 5 and 95 are: 1, 68.

4. **Count the number of common neighbors:**
   - There are 2 common neighbors.

Final answer:
- Neighbours: 1, 68, Number: 2","{'neighbours': ['1', '68'], 'number': 2}","{'neighbours': ['1', '68'], 'number': 2}",1.0,11.162542819976807,2509,241,2750
ba_n100_m3,ORTHO,"{'start_node': '5', 'end_node': '95'}",few_shots,standard,"Neighbours: [1, 68], Number: 2","{'neighbours': ['1', '68'], 'number': 2}","{'neighbours': ['1', '68'], 'number': 2}",1.0,4.281858205795288,4450,12,4462
ba_n100_m3,ORTHO,"{'start_node': '5', 'end_node': '95'}",few_shots,cot,"To solve this task, let's follow the steps:

1. **Identify all neighboring nodes of Node 5:**

   From the adjacency list, Node 5 has the following neighbors:
   1, 3, 4, 6, 10, 11, 12, 13, 17, 21, 22, 26, 30, 31, 35, 38, 39, 53, 56, 57, 59, 63, 68, 70, 73, 75, 79, 85, 86, 94

2. **Identify all neighboring nodes of Node 95:**

   From the adjacency list, Node 95 has the following neighbors:
   1, 2, 68

3. **Determine which nodes appear in both neighbor lists:**

   Common neighbors of Node 5 and Node 95 are:
   1, 68

4. **Count the number of common neighbors:**

   There are 2 common neighbors.

5. **Verify with the visual representation:**

   Cross-checking with the visual representation confirms these connections.

Final answer:

Neighbours: [1, 68], Number: 2","{'neighbours': ['1', '68'], 'number': 2}","{'neighbours': ['1', '68'], 'number': 2}",1.0,12.40231990814209,4678,254,4932
ba_n100_m3,ORTHO,"{'start_node': '2', 'end_node': '44'}",zero_shot,standard,"Neighbours: 1, 7, 44, Number: 3","{'neighbours': ['1', '7', '44'], 'number': 3}","{'neighbours': ['1'], 'number': 1}",0.333,2.0464019775390625,2460,15,2475
ba_n100_m3,ORTHO,"{'start_node': '2', 'end_node': '44'}",zero_shot,cot,"To find the common neighbors of nodes 2 and 44, follow these steps:

1. **Identify all neighboring nodes of node 2:**
   - From the adjacency list, the neighbors of node 2 are: 1, 6, 9, 13, 32, 33, 44, 48, 52, 70, 71, 95.

2. **Identify all neighboring nodes of node 44:**
   - From the adjacency list, the neighbors of node 44 are: 1, 2, 7, 60.

3. **Determine which nodes appear in both neighbor lists:**
   - Common neighbors of nodes 2 and 44 are: 1.

4. **Count the number of common neighbors:**
   - There is 1 common neighbor.

Therefore, the final answer is:

Neighbours: 1, Number: 1","{'neighbours': ['1'], 'number': 1}","{'neighbours': ['1'], 'number': 1}",1.0,13.823248863220215,2509,186,2695
ba_n100_m3,ORTHO,"{'start_node': '2', 'end_node': '44'}",few_shots,standard,"Neighbours: [1, 7], Number: 2","{'neighbours': ['1', '7'], 'number': 2}","{'neighbours': ['1'], 'number': 1}",0.5,3.2753007411956787,4450,12,4462
ba_n100_m3,ORTHO,"{'start_node': '2', 'end_node': '44'}",few_shots,cot,"To find the common neighbors of nodes 2 and 44, follow these steps:

1. **Identify all neighboring nodes of Node 2:**
   - From the adjacency list: 1, 6, 9, 13, 32, 33, 44, 48, 52, 70, 71, 95
   - Cross-check with the visual representation to confirm these connections.

2. **Identify all neighboring nodes of Node 44:**
   - From the adjacency list: 1, 2, 7, 60
   - Cross-check with the visual representation to confirm these connections.

3. **Determine common neighbors:**
   - Compare the lists from steps 1 and 2.
   - Common neighbors: 1

4. **Count the number of common neighbors:**
   - Number of common neighbors: 1

Final answer:
- Neighbours: [1], Number: 1","{'neighbours': ['1'], 'number': 1}","{'neighbours': ['1'], 'number': 1}",1.0,16.277758359909058,4678,195,4873
ba_n150_m2,FMMM,"{'start_node': '100', 'end_node': '16'}",zero_shot,standard,"Neighbours: 2, 5, Number: 2","{'neighbours': ['2', '5'], 'number': 2}","{'neighbours': ['5', '2'], 'number': 2}",1.0,4.355225086212158,2630,12,2642
ba_n150_m2,FMMM,"{'start_node': '100', 'end_node': '16'}",zero_shot,cot,"1) **Identify all neighboring nodes of node 100:**

From the adjacency list:
- Neighbors of node 100: 2, 5

2) **Identify all neighboring nodes of node 16:**

From the adjacency list:
- Neighbors of node 16: 2, 5, 47, 48, 74, 119, 128, 132, 143

3) **Determine which nodes appear in both neighbor lists:**

- Common neighbors: 2, 5

4) **Count the number of common neighbors:**

- Number of common neighbors: 2

**Final Answer:**

Neighbours: 2, 5, Number: 2","{'neighbours': ['2', '5'], 'number': 2}","{'neighbours': ['5', '2'], 'number': 2}",1.0,10.747732877731323,2679,145,2824
ba_n150_m2,FMMM,"{'start_node': '100', 'end_node': '16'}",few_shots,standard,"Neighbours: [2, 5], Number: 2","{'neighbours': ['2', '5'], 'number': 2}","{'neighbours': ['5', '2'], 'number': 2}",1.0,6.75493311882019,4620,12,4632
ba_n150_m2,FMMM,"{'start_node': '100', 'end_node': '16'}",few_shots,cot,"To find the common neighbors of nodes 100 and 16, follow these steps:

1. **Identify Neighbors of Node 100:**
   - From the adjacency list, the neighbors of node 100 are: 2, 5.

2. **Identify Neighbors of Node 16:**
   - From the adjacency list, the neighbors of node 16 are: 2, 5, 47, 48, 74, 119, 128, 132, 143.

3. **Determine Common Neighbors:**
   - Compare the two lists: 
     - Common neighbors are: 2, 5.

4. **Count the Number of Common Neighbors:**
   - There are 2 common neighbors.

5. **Verify with Visual Representation:**
   - Cross-checking with the visual representation confirms these connections.

Final answer:

Neighbours: [2, 5], Number: 2","{'neighbours': ['2', '5'], 'number': 2}","{'neighbours': ['5', '2'], 'number': 2}",1.0,14.641088008880615,4848,191,5039
ba_n150_m2,FMMM,"{'start_node': '14', 'end_node': '5'}",zero_shot,standard,"Neighbours: 5, 27, Number: 2","{'neighbours': ['5', '27'], 'number': 2}","{'neighbours': ['41'], 'number': 1}",0.0,4.4648802280426025,2630,12,2642
ba_n150_m2,FMMM,"{'start_node': '14', 'end_node': '5'}",zero_shot,cot,"To find the common neighbors of nodes 14 and 5, follow these steps:

1. **Identify all neighboring nodes of node 14:**
   - From the adjacency list, node 14 is connected to: 1, 5, 27, 41, 117, 129.

2. **Identify all neighboring nodes of node 5:**
   - From the adjacency list, node 5 is connected to: 2, 3, 6, 7, 13, 14, 16, 17, 19, 20, 24, 31, 37, 41, 54, 63, 65, 70, 75, 81, 84, 87, 88, 94, 100, 103, 115, 118.

3. **Determine which nodes appear in both neighbor lists:**
   - Common neighbors of nodes 14 and 5 are: 41.

4. **Count the number of common neighbors:**
   - There is 1 common neighbor.

Final answer:
- Neighbours: 41, Number: 1","{'neighbours': ['41'], 'number': 1}","{'neighbours': ['41'], 'number': 1}",1.0,13.656008005142212,2679,236,2915
ba_n150_m2,FMMM,"{'start_node': '14', 'end_node': '5'}",few_shots,standard,"Neighbours: [1, 5, 27], Number: 3","{'neighbours': ['1', '5', '27'], 'number': 3}","{'neighbours': ['41'], 'number': 1}",0.0,4.914592027664185,4620,15,4635
ba_n150_m2,FMMM,"{'start_node': '14', 'end_node': '5'}",few_shots,cot,"To find the common neighbors of nodes 14 and 5, follow these steps:

1. **Identify neighbors of node 14:**
   - From the adjacency list: 1, 5, 27, 41, 117, 129

2. **Identify neighbors of node 5:**
   - From the adjacency list: 2, 3, 6, 7, 13, 14, 16, 17, 19, 20, 24, 31, 37, 41, 54, 63, 65, 70, 75, 81, 84, 87, 88, 94, 100, 103, 115, 118

3. **Determine common neighbors:**
   - Compare the lists: 1, 41

4. **Count the number of common neighbors:**
   - Common neighbors: 1, 41
   - Number: 2

Final answer: 

Neighbours: [1, 41], Number: 2","{'neighbours': ['1', '41'], 'number': 2}","{'neighbours': ['41'], 'number': 1}",0.5,16.891114950180054,4848,220,5068
ba_n150_m2,ORTHO,"{'start_node': '100', 'end_node': '16'}",zero_shot,standard,"Neighbours: 2, 5, Number: 2","{'neighbours': ['2', '5'], 'number': 2}","{'neighbours': ['5', '2'], 'number': 2}",1.0,3.1708152294158936,2630,12,2642
ba_n150_m2,ORTHO,"{'start_node': '100', 'end_node': '16'}",zero_shot,cot,"To find the common neighbors of nodes 100 and 16, follow these steps:

1. **Identify all neighboring nodes of node 100:**
   - From the adjacency list, node 100 is connected to: 2, 5.

2. **Identify all neighboring nodes of node 16:**
   - From the adjacency list, node 16 is connected to: 2, 5, 47, 48, 74, 119, 128, 132.

3. **Determine which nodes appear in both neighbor lists:**
   - Common neighbors of nodes 100 and 16 are: 2, 5.

4. **Count the number of common neighbors:**
   - The number of common neighbors is 2.

Final answer:
Neighbours: 2, 5, Number: 2","{'neighbours': ['2', '5'], 'number': 2}","{'neighbours': ['5', '2'], 'number': 2}",1.0,22.12256693840027,2679,170,2849
ba_n150_m2,ORTHO,"{'start_node': '100', 'end_node': '16'}",few_shots,standard,"Neighbours: [2, 5], Number: 2","{'neighbours': ['2', '5'], 'number': 2}","{'neighbours': ['5', '2'], 'number': 2}",1.0,4.291234016418457,4620,12,4632
ba_n150_m2,ORTHO,"{'start_node': '100', 'end_node': '16'}",few_shots,cot,"To find the common neighbors of nodes 100 and 16, follow these steps:

1. **Identify Neighbors of Node 100:**
   - From the adjacency list, node 100 is connected to: 2, 5.

2. **Identify Neighbors of Node 16:**
   - From the adjacency list, node 16 is connected to: 2, 5, 47, 48, 74, 119, 128, 132, 143.

3. **Determine Common Neighbors:**
   - Compare the neighbors of nodes 100 and 16.
   - Common neighbors are: 2, 5.

4. **Count the Number of Common Neighbors:**
   - There are 2 common neighbors.

5. **Verify with Visual Representation:**
   - Cross-check the connections in the visual representation to ensure accuracy.

Final answer:

Neighbours: [2, 5], Number: 2","{'neighbours': ['2', '5'], 'number': 2}","{'neighbours': ['5', '2'], 'number': 2}",1.0,11.586668014526367,4848,195,5043
ba_n150_m2,ORTHO,"{'start_node': '14', 'end_node': '5'}",zero_shot,standard,"Neighbours: 1, 5, 27, 41, 117, Number: 5","{'neighbours': ['1', '5', '27', '41', '117'], 'number': 5}","{'neighbours': ['41'], 'number': 1}",0.2,3.156242847442627,2630,21,2651
ba_n150_m2,ORTHO,"{'start_node': '14', 'end_node': '5'}",zero_shot,cot,"To find the common neighbors of nodes 14 and 5, follow these steps:

1. **Identify all neighboring nodes of node 14:**
   - From the adjacency list, node 14 is connected to: 1, 5, 27, 41, 117, 129.

2. **Identify all neighboring nodes of node 5:**
   - From the adjacency list, node 5 is connected to: 2, 3, 6, 7, 13, 14, 16, 17, 19, 20, 24, 31, 37, 41, 54, 63, 65, 70, 75, 81, 84, 87, 88, 94, 100, 103, 115, 118.

3. **Determine which nodes appear in both neighbor lists:**
   - Common neighbors of nodes 14 and 5 are: 41.

4. **Count the number of common neighbors:**
   - There is 1 common neighbor.

Final answer:
- Neighbours: 41, Number: 1","{'neighbours': ['41'], 'number': 1}","{'neighbours': ['41'], 'number': 1}",1.0,20.070116758346558,2679,236,2915
ba_n150_m2,ORTHO,"{'start_node': '14', 'end_node': '5'}",few_shots,standard,"Neighbours: [1, 5, 27], Number: 3","{'neighbours': ['1', '5', '27'], 'number': 3}","{'neighbours': ['41'], 'number': 1}",0.0,4.102431058883667,4620,15,4635
ba_n150_m2,ORTHO,"{'start_node': '14', 'end_node': '5'}",few_shots,cot,"To find the common neighbors of nodes 14 and 5, follow these steps:

1. **Identify Neighbors of Node 14:**
   - From the adjacency list: 1, 5, 27, 41, 117, 129

2. **Identify Neighbors of Node 5:**
   - From the adjacency list: 2, 3, 6, 7, 13, 14, 16, 17, 19, 20, 24, 31, 37, 41, 54, 63, 65, 70, 75, 81, 84, 87, 88, 94, 100, 103, 115, 118

3. **Determine Common Neighbors:**
   - Compare the lists: 5 and 41 are common neighbors.

4. **Count the Number of Common Neighbors:**
   - There are 2 common neighbors.

Therefore, the solution is:

Neighbours: [5, 41], Number: 2","{'neighbours': ['5', '41'], 'number': 2}","{'neighbours': ['41'], 'number': 1}",0.5,15.965466976165771,4848,220,5068
ba_n150_m3,FMMM,"{'start_node': '41', 'end_node': '8'}",zero_shot,standard,"Neighbours: 7, 11, 35, Number: 3","{'neighbours': ['7', '11', '35'], 'number': 3}","{'neighbours': ['11', '7'], 'number': 2}",0.667,4.494931936264038,3210,15,3225
ba_n150_m3,FMMM,"{'start_node': '41', 'end_node': '8'}",zero_shot,cot,"To find the common neighbors of nodes 41 and 8, follow these steps:

1. **Identify all neighboring nodes of node 41:**
   - From the adjacency list, node 41 is connected to: 7, 11, 35.

2. **Identify all neighboring nodes of node 8:**
   - From the adjacency list, node 8 is connected to: 1, 6, 7, 10, 11, 15, 16, 20, 21, 22, 26, 31, 34, 42, 45, 50, 57, 59, 65, 75, 83, 87, 88, 111, 112, 124, 127, 133.

3. **Determine which nodes appear in both neighbor lists:**
   - Common neighbors of nodes 41 and 8 are: 7, 11.

4. **Count the number of common neighbors:**
   - The number of common neighbors is 2.

Therefore, the final answer is:

Neighbours: 7, 11, Number: 2","{'neighbours': ['7', '11'], 'number': 2}","{'neighbours': ['11', '7'], 'number': 2}",1.0,12.392211198806763,3259,237,3496
ba_n150_m3,FMMM,"{'start_node': '41', 'end_node': '8'}",few_shots,standard,"Neighbours: [7, 11, 35], Number: 3","{'neighbours': ['7', '11', '35'], 'number': 3}","{'neighbours': ['11', '7'], 'number': 2}",0.667,6.958151817321777,5200,15,5215
ba_n150_m3,FMMM,"{'start_node': '41', 'end_node': '8'}",few_shots,cot,"To solve this task, let's follow the steps:

1. **Identify all neighboring nodes of Node 41:**
   - From the adjacency list, Node 41 has neighbors: 7, 11, 35.
   - Cross-checking with the visual representation confirms these connections.

2. **Identify all neighboring nodes of Node 8:**
   - From the adjacency list, Node 8 has neighbors: 1, 6, 7, 10, 11, 15, 16, 20, 21, 22, 26, 31, 34, 42, 45, 50, 57, 59, 65, 75, 83, 87, 88, 111, 112, 124, 127, 133.
   - Cross-checking with the visual representation confirms these connections.

3. **Determine which nodes appear in both neighbor lists:**
   - Common neighbors of Node 41 and Node 8 are: 7, 11.

4. **Count the number of common neighbors:**
   - There are 2 common neighbors.

Therefore, the solution is:

Neighbours: [7, 11], Number: 2","{'neighbours': ['7', '11'], 'number': 2}","{'neighbours': ['11', '7'], 'number': 2}",1.0,22.21655511856079,5428,252,5680
ba_n150_m3,FMMM,"{'start_node': '11', 'end_node': '40'}",zero_shot,standard,"Neighbours: 7, 25, Number: 2","{'neighbours': ['7', '25'], 'number': 2}","{'neighbours': ['25'], 'number': 1}",0.5,5.12493896484375,3210,12,3222
ba_n150_m3,FMMM,"{'start_node': '11', 'end_node': '40'}",zero_shot,cot,"To find the common neighbors of nodes 11 and 40, follow these steps:

1. **Identify all neighboring nodes of node 11:**
   - From the adjacency list: 1, 5, 8, 18, 20, 24, 25, 41, 49, 54, 61, 64, 67, 96, 99, 110, 113, 115, 130

2. **Identify all neighboring nodes of node 40:**
   - From the adjacency list: 7, 9, 25, 42, 80

3. **Determine which nodes appear in both neighbor lists:**
   - Common neighbor: 25

4. **Count the number of common neighbors:**
   - Number of common neighbors: 1

Final answer:
Neighbours: 25, Number: 1","{'neighbours': ['25'], 'number': 1}","{'neighbours': ['25'], 'number': 1}",1.0,11.770769834518433,3259,183,3442
ba_n150_m3,FMMM,"{'start_node': '11', 'end_node': '40'}",few_shots,standard,"Neighbours: [7, 8, 25], Number: 3","{'neighbours': ['7', '8', '25'], 'number': 3}","{'neighbours': ['25'], 'number': 1}",0.333,5.320049047470093,5200,15,5215
ba_n150_m3,FMMM,"{'start_node': '11', 'end_node': '40'}",few_shots,cot,"To find the common neighbors of nodes 11 and 40, follow these steps:

1. **Identify all neighboring nodes of Node 11:**
   - From the adjacency list: 1, 5, 8, 18, 20, 24, 25, 41, 49, 54, 61, 64, 67, 96, 99, 110, 113, 115, 130
   - Cross-check with the visual representation to confirm these connections.

2. **Identify all neighboring nodes of Node 40:**
   - From the adjacency list: 7, 9, 25, 42, 80
   - Cross-check with the visual representation to confirm these connections.

3. **Determine common neighbors:**
   - Compare the lists from steps 1 and 2.
   - Common neighbor: 25

4. **Count the number of common neighbors:**
   - There is 1 common neighbor.

Final answer:
- Neighbours: [25], Number: 1","{'neighbours': ['25'], 'number': 1}","{'neighbours': ['25'], 'number': 1}",1.0,20.887264013290405,5428,218,5646
ba_n150_m3,ORTHO,"{'start_node': '41', 'end_node': '8'}",zero_shot,standard,"Neighbours: 7, 35, Number: 2","{'neighbours': ['7', '35'], 'number': 2}","{'neighbours': ['11', '7'], 'number': 2}",0.333,2.9630589485168457,3210,12,3222
ba_n150_m3,ORTHO,"{'start_node': '41', 'end_node': '8'}",zero_shot,cot,"1) Neighbors of node 41 from the adjacency list: 7, 11, 35

2) Neighbors of node 8 from the adjacency list: 1, 6, 7, 10, 11, 15, 16, 20, 21, 22, 26, 31, 34, 42, 45, 50, 57, 59, 65, 75, 83, 87, 88, 111, 112, 124, 127, 133

3) Common neighbors of nodes 41 and 8: 7, 11

4) Number of common neighbors: 2

Neighbours: 7, 11, Number: 2","{'neighbours': ['7', '11'], 'number': 2}","{'neighbours': ['11', '7'], 'number': 2}",1.0,7.679289102554321,3259,159,3418
ba_n150_m3,ORTHO,"{'start_node': '41', 'end_node': '8'}",few_shots,standard,"Neighbours: [7, 11, 35], Number: 3","{'neighbours': ['7', '11', '35'], 'number': 3}","{'neighbours': ['11', '7'], 'number': 2}",0.667,3.9924349784851074,5200,15,5215
ba_n150_m3,ORTHO,"{'start_node': '41', 'end_node': '8'}",few_shots,cot,"To solve this task, let's follow the steps:

1. **Identify all neighboring nodes of Node 41:**
   - From the adjacency list, Node 41 has neighbors: 7, 11, 35.

2. **Identify all neighboring nodes of Node 8:**
   - From the adjacency list, Node 8 has neighbors: 1, 6, 7, 10, 11, 15, 16, 20, 21, 22, 26, 31, 34, 42, 45, 50, 57, 59, 65, 75, 83, 87, 88, 111, 112, 124, 127, 133.

3. **Determine which nodes appear in both neighbor lists:**
   - Common neighbors between Node 41 and Node 8 are: 7, 11.

4. **Count the number of common neighbors:**
   - There are 2 common neighbors.

Cross-checking with the visual representation confirms these connections.

**Final Answer:**
Neighbours: [7, 11], Number: 2","{'neighbours': ['7', '11'], 'number': 2}","{'neighbours': ['11', '7'], 'number': 2}",1.0,14.642750978469849,5428,236,5664
ba_n150_m3,ORTHO,"{'start_node': '11', 'end_node': '40'}",zero_shot,standard,"Neighbours: 7, 25, Number: 2","{'neighbours': ['7', '25'], 'number': 2}","{'neighbours': ['25'], 'number': 1}",0.5,2.248718738555908,3210,12,3222
ba_n150_m3,ORTHO,"{'start_node': '11', 'end_node': '40'}",zero_shot,cot,"To find the common neighbors of nodes 11 and 40, follow these steps:

1. **Identify all neighboring nodes of node 11:**
   - From the adjacency list, node 11 is connected to: 1, 5, 8, 18, 20, 24, 25, 41, 49, 54, 61, 64, 67, 96, 99, 110, 113, 115, 130.

2. **Identify all neighboring nodes of node 40:**
   - From the adjacency list, node 40 is connected to: 7, 9, 25, 42, 80.

3. **Determine which nodes appear in both neighbor lists:**
   - The common neighbor is: 25.

4. **Count the number of common neighbors:**
   - There is 1 common neighbor.

Final answer:
Neighbours: 25, Number: 1","{'neighbours': ['25'], 'number': 1}","{'neighbours': ['25'], 'number': 1}",1.0,10.44447112083435,3259,198,3457
ba_n150_m3,ORTHO,"{'start_node': '11', 'end_node': '40'}",few_shots,standard,"Neighbours: [7, 25, 35], Number: 3","{'neighbours': ['7', '25', '35'], 'number': 3}","{'neighbours': ['25'], 'number': 1}",0.333,2.9663872718811035,5200,15,5215
ba_n150_m3,ORTHO,"{'start_node': '11', 'end_node': '40'}",few_shots,cot,"To solve this task, let's follow the steps:

1. **Identify all neighboring nodes of Node 11:**
   - From the adjacency list, Node 11 has neighbors: 1, 5, 8, 18, 20, 24, 25, 41, 49, 54, 61, 64, 67, 96, 99, 110, 113, 115, 130.

2. **Identify all neighboring nodes of Node 40:**
   - From the adjacency list, Node 40 has neighbors: 7, 9, 25, 42, 80.

3. **Determine which nodes appear in both neighbor lists:**
   - The common neighbor is: 25.

4. **Count the number of common neighbors:**
   - There is 1 common neighbor.

Therefore, the solution is:

Neighbours: [25], Number: 1","{'neighbours': ['25'], 'number': 1}","{'neighbours': ['25'], 'number': 1}",1.0,9.62645411491394,5428,192,5620
ba_n200_m2,FMMM,"{'start_node': '7', 'end_node': '70'}",zero_shot,standard,"Neighbours: 32, 102, 182, Number: 3","{'neighbours': ['32', '102', '182'], 'number': 3}","{'neighbours': ['102', '5'], 'number': 2}",0.25,5.316526174545288,3180,15,3195
ba_n200_m2,FMMM,"{'start_node': '7', 'end_node': '70'}",zero_shot,cot,"To find the common neighbors of nodes 7 and 70, follow these steps:

1. **Identify all neighboring nodes of node 7:**
   - From the adjacency list, the neighbors of node 7 are: 2, 5, 10, 30, 32, 38, 51, 56, 61, 83, 102, 106, 111, 116, 134, 144, 149, 155, 162, 183, 192.

2. **Identify all neighboring nodes of node 70:**
   - From the adjacency list, the neighbors of node 70 are: 5, 46, 78, 90, 101, 102, 143, 163, 171, 182, 188.

3. **Determine which nodes appear in both neighbor lists:**
   - The common neighbors of nodes 7 and 70 are: 5, 102.

4. **Count the number of common neighbors:**
   - There are 2 common neighbors.

Therefore, the final answer is:

Neighbours: 5, 102, Number: 2","{'neighbours': ['5', '102'], 'number': 2}","{'neighbours': ['102', '5'], 'number': 2}",1.0,13.31048583984375,3229,241,3470
ba_n200_m2,FMMM,"{'start_node': '7', 'end_node': '70'}",few_shots,standard,"Neighbours: [102], Number: 1","{'neighbours': ['102'], 'number': 1}","{'neighbours': ['102', '5'], 'number': 2}",0.5,5.740583896636963,5170,9,5179
ba_n200_m2,FMMM,"{'start_node': '7', 'end_node': '70'}",few_shots,cot,"To find the common neighbors of nodes 7 and 70, follow these steps:

1. **Identify all neighboring nodes of node 7:**
   - From the adjacency list: 2, 5, 10, 30, 32, 38, 51, 56, 61, 83, 102, 106, 111, 116, 134, 144, 149, 155, 162, 183, 192
   - Confirmed by the visual representation.

2. **Identify all neighboring nodes of node 70:**
   - From the adjacency list: 5, 46, 78, 90, 101, 102, 143, 163, 171, 182, 188
   - Confirmed by the visual representation.

3. **Determine common neighbors:**
   - Compare the lists: The common neighbor is node 102.

4. **Count the number of common neighbors:**
   - There is 1 common neighbor.

Final answer:
- Neighbours: [102], Number: 1","{'neighbours': ['102'], 'number': 1}","{'neighbours': ['102', '5'], 'number': 2}",0.5,13.096499919891357,5398,227,5625
ba_n200_m2,FMMM,"{'start_node': '12', 'end_node': '40'}",zero_shot,standard,"Neighbours: [], Number: 0","{'neighbours': [], 'number': 0}","{'neighbours': ['6'], 'number': 1}",0.0,5.633435964584351,3180,7,3187
ba_n200_m2,FMMM,"{'start_node': '12', 'end_node': '40'}",zero_shot,cot,"To find the common neighbors of nodes 12 and 40, follow these steps:

1. **Identify all neighboring nodes of node 12:**
   - From the adjacency list, node 12 is connected to: 1, 6, 62.

2. **Identify all neighboring nodes of node 40:**
   - From the adjacency list, node 40 is connected to: 6, 32, 71.

3. **Determine which nodes appear in both neighbor lists:**
   - Common neighbor: 6.

4. **Count the number of common neighbors:**
   - There is 1 common neighbor.

**Final Answer:**
Neighbours: 6, Number: 1","{'neighbours': ['6'], 'number': 1}","{'neighbours': ['6'], 'number': 1}",1.0,8.70442795753479,3229,144,3373
ba_n200_m2,FMMM,"{'start_node': '12', 'end_node': '40'}",few_shots,standard,"Neighbours: [6], Number: 1","{'neighbours': ['6'], 'number': 1}","{'neighbours': ['6'], 'number': 1}",1.0,6.647682189941406,5170,9,5179
ba_n200_m2,FMMM,"{'start_node': '12', 'end_node': '40'}",few_shots,cot,"To find the common neighbors of nodes 12 and 40, follow these steps:

1. **Identify neighbors of node 12:**
   - From the adjacency list: 1, 6, 62
   - Cross-check with the visual representation to confirm these connections.

2. **Identify neighbors of node 40:**
   - From the adjacency list: 6, 32, 71
   - Cross-check with the visual representation to confirm these connections.

3. **Determine common neighbors:**
   - Compare the lists: Node 6 is common to both.

4. **Count the number of common neighbors:**
   - There is 1 common neighbor.

Final answer:
Neighbours: [6], Number: 1","{'neighbours': ['6'], 'number': 1}","{'neighbours': ['6'], 'number': 1}",1.0,10.442161083221436,5398,151,5549
ba_n200_m2,ORTHO,"{'start_node': '7', 'end_node': '70'}",zero_shot,standard,"Neighbours: 102, 182, Number: 2","{'neighbours': ['102', '182'], 'number': 2}","{'neighbours': ['102', '5'], 'number': 2}",0.333,2.659348249435425,3180,12,3192
ba_n200_m2,ORTHO,"{'start_node': '7', 'end_node': '70'}",zero_shot,cot,"To find the common neighbors of nodes 7 and 70, follow these steps:

1. **Identify all neighboring nodes of node 7:**
   - From the adjacency list, node 7 is connected to: 2, 5, 10, 30, 32, 38, 51, 56, 61, 83, 102, 106, 111, 116, 134, 144, 149, 155, 162, 183, 192.

2. **Identify all neighboring nodes of node 70:**
   - From the adjacency list, node 70 is connected to: 5, 46, 78, 90, 101, 102, 143, 163, 171, 182, 188.

3. **Determine which nodes appear in both neighbor lists:**
   - Common neighbors of nodes 7 and 70 are: 5, 102.

4. **Count the number of common neighbors:**
   - There are 2 common neighbors.

Therefore, the final answer is:

Neighbours: 5, 102, Number: 2","{'neighbours': ['5', '102'], 'number': 2}","{'neighbours': ['102', '5'], 'number': 2}",1.0,9.776716709136963,3229,238,3467
ba_n200_m2,ORTHO,"{'start_node': '7', 'end_node': '70'}",few_shots,standard,"Neighbours: [102], Number: 1","{'neighbours': ['102'], 'number': 1}","{'neighbours': ['102', '5'], 'number': 2}",0.5,3.4253990650177,5170,9,5179
ba_n200_m2,ORTHO,"{'start_node': '7', 'end_node': '70'}",few_shots,cot,"To solve this task, let's follow the steps:

1. **Identify all neighboring nodes of Node 7:**
   - From the adjacency list: 2, 5, 10, 30, 32, 38, 51, 56, 61, 83, 102, 106, 111, 116, 134, 144, 149, 155, 162, 183, 192

2. **Identify all neighboring nodes of Node 70:**
   - From the adjacency list: 5, 46, 78, 90, 101, 102, 143, 163, 171, 182, 188

3. **Determine which nodes appear in both neighbor lists:**
   - Common neighbors: 5, 102

4. **Count the number of common neighbors:**
   - Number of common neighbors: 2

Therefore, the solution is:

Neighbours: [5, 102], Number: 2","{'neighbours': ['5', '102'], 'number': 2}","{'neighbours': ['102', '5'], 'number': 2}",1.0,10.445043087005615,5398,209,5607
ba_n200_m2,ORTHO,"{'start_node': '12', 'end_node': '40'}",zero_shot,standard,"Neighbours: [], Number: 0","{'neighbours': [], 'number': 0}","{'neighbours': ['6'], 'number': 1}",0.0,3.1711108684539795,3180,7,3187
ba_n200_m2,ORTHO,"{'start_node': '12', 'end_node': '40'}",zero_shot,cot,"To find the common neighbors of nodes 12 and 40, follow these steps:

1. **Identify all neighboring nodes of node 12:**
   - From the adjacency list, node 12 is connected to: 1, 6, 62.

2. **Identify all neighboring nodes of node 40:**
   - From the adjacency list, node 40 is connected to: 6, 32, 71.

3. **Determine which nodes appear in both neighbor lists:**
   - The common neighbor between nodes 12 and 40 is: 6.

4. **Count the number of common neighbors:**
   - There is 1 common neighbor.

Final answer:
Neighbours: 6, Number: 1","{'neighbours': ['6'], 'number': 1}","{'neighbours': ['6'], 'number': 1}",1.0,6.961848735809326,3229,151,3380
ba_n200_m2,ORTHO,"{'start_node': '12', 'end_node': '40'}",few_shots,standard,"Neighbours: [], Number: 0","{'neighbours': [], 'number': 0}","{'neighbours': ['6'], 'number': 1}",0.0,3.4821829795837402,5170,7,5177
ba_n200_m2,ORTHO,"{'start_node': '12', 'end_node': '40'}",few_shots,cot,"To find the common neighbors of nodes 12 and 40, follow these steps:

1. **Identify neighbors of node 12:**
   - From the adjacency list, node 12 is connected to: 1, 6, 62.

2. **Identify neighbors of node 40:**
   - From the adjacency list, node 40 is connected to: 6, 32, 71.

3. **Determine common neighbors:**
   - The common neighbor between nodes 12 and 40 is: 6.

4. **Count the number of common neighbors:**
   - There is 1 common neighbor.

Therefore, the solution is:

Neighbours: [6], Number: 1","{'neighbours': ['6'], 'number': 1}","{'neighbours': ['6'], 'number': 1}",1.0,8.603116750717163,5398,145,5543
ba_n200_m3,FMMM,"{'start_node': '129', 'end_node': '13'}",zero_shot,standard,"Neighbours: 5, 13, 52, 147, 174, Number: 5","{'neighbours': ['5', '13', '52', '147', '174'], 'number': 5}","{'neighbours': ['52', '5'], 'number': 2}",0.4,5.485886096954346,3960,21,3981
ba_n200_m3,FMMM,"{'start_node': '129', 'end_node': '13'}",zero_shot,cot,"1) Identify all neighboring nodes of node 129:
   - From the adjacency list: 5, 13, 52, 147, 174

2) Identify all neighboring nodes of node 13:
   - From the adjacency list: 2, 5, 7, 16, 23, 30, 47, 48, 51, 52, 56, 69, 98, 99, 100, 102, 129, 137, 144, 149, 151, 155, 175

3) Determine which nodes appear in both neighbor lists:
   - Common neighbors: 5, 52

4) Count the number of common neighbors:
   - Number of common neighbors: 2

Neighbours: 5, 52, Number: 2","{'neighbours': ['5', '52'], 'number': 2}","{'neighbours': ['52', '5'], 'number': 2}",1.0,12.0156090259552,4009,173,4182
ba_n200_m3,FMMM,"{'start_node': '129', 'end_node': '13'}",few_shots,standard,"Neighbours: [5, 13, 52, 174], Number: 4","{'neighbours': ['5', '13', '52', '174'], 'number': 4}","{'neighbours': ['52', '5'], 'number': 2}",0.5,5.218171834945679,5950,18,5968
ba_n200_m3,FMMM,"{'start_node': '129', 'end_node': '13'}",few_shots,cot,"To solve this task, let's follow the steps:

1. **Identify all neighboring nodes of Node 129:**
   - From the adjacency list: 5, 13, 52, 147, 174

2. **Identify all neighboring nodes of Node 13:**
   - From the adjacency list: 2, 5, 7, 16, 23, 30, 47, 48, 51, 52, 56, 69, 98, 99, 100, 102, 129, 137, 144, 149, 151, 155, 175

3. **Determine which nodes appear in both neighbor lists:**
   - Common neighbors: 5, 52

4. **Count the number of common neighbors:**
   - Number of common neighbors: 2

Therefore, the solution is:

Neighbours: [5, 52], Number: 2","{'neighbours': ['5', '52'], 'number': 2}","{'neighbours': ['52', '5'], 'number': 2}",1.0,13.207923173904419,6178,197,6375
ba_n200_m3,FMMM,"{'start_node': '104', 'end_node': '138'}",zero_shot,standard,"Neighbours: 1, Number: 1","{'neighbours': ['1'], 'number': 1}","{'neighbours': ['1'], 'number': 1}",1.0,8.70222520828247,3960,9,3969
ba_n200_m3,FMMM,"{'start_node': '104', 'end_node': '138'}",zero_shot,cot,"To find the common neighbors of nodes 104 and 138, follow these steps:

1. **Identify all neighboring nodes of node 104:**
   - From the adjacency list, node 104 is connected to: 1, 15, 72, 179.

2. **Identify all neighboring nodes of node 138:**
   - From the adjacency list, node 138 is connected to: 1, 24, 25.

3. **Determine which nodes appear in both neighbor lists:**
   - The common neighbor is: 1.

4. **Count the number of common neighbors:**
   - There is 1 common neighbor.

Therefore, the common neighbors and their count are:

Neighbours: [1], Number: 1","{'neighbours': ['1'], 'number': 1}","{'neighbours': ['1'], 'number': 1}",1.0,7.782983779907227,4009,154,4163
ba_n200_m3,FMMM,"{'start_node': '104', 'end_node': '138'}",few_shots,standard,"Neighbours: [15, 72], Number: 2","{'neighbours': ['15', '72'], 'number': 2}","{'neighbours': ['1'], 'number': 1}",0.0,5.3197338581085205,5950,12,5962
ba_n200_m3,FMMM,"{'start_node': '104', 'end_node': '138'}",few_shots,cot,"To find the common neighbors of nodes 104 and 138, follow these steps:

1. **Identify neighbors of node 104:**
   - From the adjacency list: 1, 15, 72, 179
   - Cross-checking with the visual representation confirms these connections.

2. **Identify neighbors of node 138:**
   - From the adjacency list: 1, 24, 25
   - Cross-checking with the visual representation confirms these connections.

3. **Determine common neighbors:**
   - The common neighbor between nodes 104 and 138 is node 1.

4. **Count the number of common neighbors:**
   - There is 1 common neighbor.

Final answer:
- Neighbours: [1], Number: 1","{'neighbours': ['1'], 'number': 1}","{'neighbours': ['1'], 'number': 1}",1.0,11.142998933792114,6178,159,6337
ba_n200_m3,ORTHO,"{'start_node': '129', 'end_node': '13'}",zero_shot,standard,"Neighbours: 5, 13, 52, Number: 3","{'neighbours': ['5', '13', '52'], 'number': 3}","{'neighbours': ['52', '5'], 'number': 2}",0.667,2.464653968811035,3960,15,3975
ba_n200_m3,ORTHO,"{'start_node': '129', 'end_node': '13'}",zero_shot,cot,"1) Neighbors of node 129 from the adjacency list: 5, 13, 52, 147, 174

2) Neighbors of node 13 from the adjacency list: 2, 5, 7, 16, 23, 30, 47, 48, 51, 52, 56, 69, 98, 99, 100, 102, 129, 137, 144, 149, 151, 155, 175

3) Common neighbors of nodes 129 and 13: 5, 52

4) Number of common neighbors: 2

Neighbours: 5, 52, Number: 2","{'neighbours': ['5', '52'], 'number': 2}","{'neighbours': ['52', '5'], 'number': 2}",1.0,6.962883949279785,4009,150,4159
ba_n200_m3,ORTHO,"{'start_node': '129', 'end_node': '13'}",few_shots,standard,"Neighbours: [5, 13, 52], Number: 3","{'neighbours': ['5', '13', '52'], 'number': 3}","{'neighbours': ['52', '5'], 'number': 2}",0.667,3.88614821434021,5950,15,5965
ba_n200_m3,ORTHO,"{'start_node': '129', 'end_node': '13'}",few_shots,cot,"To solve this task, let's follow the steps:

1. **Identify all neighboring nodes of Node 129:**
   - From the adjacency list, Node 129 has neighbors: 5, 13, 52, 147, 174.

2. **Identify all neighboring nodes of Node 13:**
   - From the adjacency list, Node 13 has neighbors: 2, 5, 7, 16, 23, 30, 47, 48, 51, 52, 56, 69, 98, 99, 100, 102, 129, 137, 144, 149, 151, 155, 175.

3. **Determine which nodes appear in both neighbor lists:**
   - Common neighbors are: 5, 52.

4. **Count the number of common neighbors:**
   - There are 2 common neighbors.

Therefore, the solution is:

Neighbours: [5, 52], Number: 2","{'neighbours': ['5', '52'], 'number': 2}","{'neighbours': ['52', '5'], 'number': 2}",1.0,9.829832077026367,6178,209,6387
ba_n200_m3,ORTHO,"{'start_node': '104', 'end_node': '138'}",zero_shot,standard,"Neighbours: , Number: 0","{'neighbours': [], 'number': 0}","{'neighbours': ['1'], 'number': 1}",0.0,2.963566780090332,3960,7,3967
ba_n200_m3,ORTHO,"{'start_node': '104', 'end_node': '138'}",zero_shot,cot,"To find the common neighbors of nodes 104 and 138, follow these steps:

1. **Identify all neighboring nodes of node 104:**
   - From the adjacency list, the neighbors of node 104 are: 1, 15, 72, 179.

2. **Identify all neighboring nodes of node 138:**
   - From the adjacency list, the neighbors of node 138 are: 1, 24, 25.

3. **Determine which nodes appear in both neighbor lists:**
   - The common neighbor is: 1.

4. **Count the number of common neighbors:**
   - There is 1 common neighbor.

Therefore, the final answer is:

Neighbours: 1, Number: 1","{'neighbours': ['1'], 'number': 1}","{'neighbours': ['1'], 'number': 1}",1.0,8.498798131942749,4009,153,4162
ba_n200_m3,ORTHO,"{'start_node': '104', 'end_node': '138'}",few_shots,standard,"Neighbours: [24], Number: 1","{'neighbours': ['24'], 'number': 1}","{'neighbours': ['1'], 'number': 1}",0.0,4.3956098556518555,5950,9,5959
ba_n200_m3,ORTHO,"{'start_node': '104', 'end_node': '138'}",few_shots,cot,"To find the common neighbors of nodes 104 and 138, follow these steps:

1. **Identify Neighbors of Node 104:**
   - From the adjacency list, the neighbors of node 104 are: 1, 15, 72, 179.

2. **Identify Neighbors of Node 138:**
   - From the adjacency list, the neighbors of node 138 are: 1, 24, 25.

3. **Determine Common Neighbors:**
   - The common neighbor between nodes 104 and 138 is: 1.

4. **Count the Number of Common Neighbors:**
   - There is 1 common neighbor.

Therefore, the solution is:

Neighbours: [1], Number: 1","{'neighbours': ['1'], 'number': 1}","{'neighbours': ['1'], 'number': 1}",1.0,7.895162105560303,6178,154,6332
