graph,parameters,prompt_type,reasoning_type,response,parsed_response,ground_truth,accuracy,latency,input_tokens,output_tokens,total_tokens
graph_1004,"{'start_node': '10', 'end_node': '11'}",zero_shot,standard,"Neighbours: 18, Number: 1","{'neighbours': ['18'], 'number': 1}","{'neighbours': ['18'], 'number': 1}",1,0.6143910885,330,10,340
graph_1004,"{'start_node': '10', 'end_node': '11'}",zero_shot,cot,"To solve the problem of finding the common neighbours of nodes 10 and 11, we will follow the outlined steps:

1. **Identify all neighboring nodes of node 10:**
   - From the adjacency list, node 10 is connected to nodes 5, 17, and 18.
   - Therefore, the neighbours of node 10 are: 5, 17, 18.

2. **Identify all neighboring nodes of node 11:**
   - From the adjacency list, node 11 is connected to nodes 7, 18, and 19.
   - Therefore, the neighbours of node 11 are: 7, 18, 19.

3. **Determine which nodes appear in both neighbor lists:**
   - Compare the neighbours of node 10 (5, 17, 18) with the neighbours of node 11 (7, 18, 19).
   - The common node in both lists is: 18.

4. **Count the number of common neighbors:**
   - There is 1 common neighbour, which is node 18.

After verifying the connections for both nodes, the common neighbour is correctly identified.

Final answer:
'Neighbours: 18, Number: 1'","{'neighbours': ['18'], 'number': 1}","{'neighbours': ['18'], 'number': 1}",1,5.530375957,378,256,634
graph_1004,"{'start_node': '10', 'end_node': '11'}",few_shots,standard,"Neighbours: [18], Number: 1","{'neighbours': ['18'], 'number': 1}","{'neighbours': ['18'], 'number': 1}",1,0.6086139679,788,10,798
graph_1004,"{'start_node': '10', 'end_node': '11'}",few_shots,cot,"To solve the problem, we need to find the common neighbors of nodes 10 and 11 in the given graph. Let's go through the steps:

1. **Identify all neighboring nodes of node 10:**
   - From the adjacency list, node 10 has the following neighbors: 5, 17, 18.

2. **Identify all neighboring nodes of node 11:**
   - From the adjacency list, node 11 has the following neighbors: 7, 18, 19.

3. **Determine which nodes appear in both neighbor lists:**
   - Compare the neighbors of node 10 (5, 17, 18) with the neighbors of node 11 (7, 18, 19).
   - The common neighbor is node 18.

4. **Count the number of common neighbors:**
   - There is 1 common neighbor.

After verifying the connections, the common neighbor is node 18, and there is only one common neighbor.

Final answer: Neighbours: [18], Number: 1","{'neighbours': ['18'], 'number': 1}","{'neighbours': ['18'], 'number': 1}",1,5.123352051,994,216,1210
graph_1004,"{'start_node': '2', 'end_node': '4'}",zero_shot,standard,"Neighbours: [], Number: 0","{'neighbours': [], 'number': 0}","{'neighbours': ['1'], 'number': 1}",0,0.6069917679,330,8,338
graph_1004,"{'start_node': '2', 'end_node': '4'}",zero_shot,cot,"To solve the problem of finding the common neighbours of nodes 2 and 4, we will follow the outlined steps:

1. **Identify all neighboring nodes of node 2:**
   - From the adjacency list, node 2 is connected to nodes 1, 19, and 20.
   - Therefore, the neighbours of node 2 are: 1, 19, 20.

2. **Identify all neighboring nodes of node 4:**
   - From the adjacency list, node 4 is connected to nodes 1, 16, and 18.
   - Therefore, the neighbours of node 4 are: 1, 16, 18.

3. **Determine which nodes appear in both neighbor lists:**
   - Compare the neighbours of node 2 (1, 19, 20) with the neighbours of node 4 (1, 16, 18).
   - The common node between these two lists is: 1.

4. **Count the number of common neighbors:**
   - There is 1 common neighbour.

After verifying the connections for both nodes, the common neighbour is correctly identified.

Final answer:
'Neighbours: 1, Number: 1'","{'neighbours': ['1'], 'number': 1}","{'neighbours': ['1'], 'number': 1}",1,5.331725121,378,251,629
graph_1004,"{'start_node': '2', 'end_node': '4'}",few_shots,standard,"Neighbours: [19], Number: 1","{'neighbours': ['19'], 'number': 1}","{'neighbours': ['1'], 'number': 1}",0,0.8946881294,788,10,798
graph_1004,"{'start_node': '2', 'end_node': '4'}",few_shots,cot,"To solve the problem, we need to find the common neighbors of nodes 2 and 4 in the given graph. Let's go through the steps:

1. **Identify all neighboring nodes of node 2:**
   - From the adjacency list, node 2 is connected to nodes: 1, 19, and 20.
   - Neighbours of node 2: [1, 19, 20]

2. **Identify all neighboring nodes of node 4:**
   - From the adjacency list, node 4 is connected to nodes: 1, 16, and 18.
   - Neighbours of node 4: [1, 16, 18]

3. **Determine which nodes appear in both neighbor lists:**
   - Compare the lists [1, 19, 20] and [1, 16, 18].
   - The common node is: 1.

4. **Count the number of common neighbors:**
   - There is 1 common neighbor.

Therefore, the solution is:

Neighbours: [1], Number: 1","{'neighbours': ['1'], 'number': 1}","{'neighbours': ['1'], 'number': 1}",1,4.857483864,994,225,1219
graph_104,"{'start_node': '7', 'end_node': '8'}",zero_shot,standard,"Neighbours: 8, 10, Number: 2","{'neighbours': ['8', '10'], 'number': 2}","{'neighbours': ['10'], 'number': 1}",0.5,0.7115030289,216,13,229
graph_104,"{'start_node': '7', 'end_node': '8'}",zero_shot,cot,"To solve the problem, we need to find the common neighbors of nodes 7 and 8 from the given adjacency list. Let's go through the steps:

1. **Identify all neighboring nodes of node 7:**
   - From the adjacency list, node 7 is connected to nodes 5 and 10.
   - Therefore, the neighbors of node 7 are: [5, 10].

2. **Identify all neighboring nodes of node 8:**
   - From the adjacency list, node 8 is connected to nodes 1, 9, and 10.
   - Therefore, the neighbors of node 8 are: [1, 9, 10].

3. **Determine which nodes appear in both neighbor lists:**
   - Compare the neighbors of node 7 [5, 10] with the neighbors of node 8 [1, 9, 10].
   - The common node is 10.

4. **Count the number of common neighbors:**
   - There is 1 common neighbor, which is node 10.

After verifying the connections for both nodes, we can conclude:

Neighbours: [10], Number: 1","{'neighbours': ['10'], 'number': 1}","{'neighbours': ['10'], 'number': 1}",1,4.915045977,264,241,505
graph_104,"{'start_node': '7', 'end_node': '8'}",few_shots,standard,"Neighbours: [10], Number: 1","{'neighbours': ['10'], 'number': 1}","{'neighbours': ['10'], 'number': 1}",1,0.6100151539,674,10,684
graph_104,"{'start_node': '7', 'end_node': '8'}",few_shots,cot,"To solve the problem, we need to find the common neighbors of nodes 7 and 8 in the given graph. Let's go through the steps:

1. **Identify all neighboring nodes of node 7:**
   - From the adjacency list, node 7 has the following neighbors: 5, 10.

2. **Identify all neighboring nodes of node 8:**
   - From the adjacency list, node 8 has the following neighbors: 1, 9, 10.

3. **Determine which nodes appear in both neighbor lists:**
   - Compare the neighbors of node 7 (5, 10) with the neighbors of node 8 (1, 9, 10).
   - The common neighbor is node 10.

4. **Count the number of common neighbors:**
   - There is 1 common neighbor.

Therefore, the solution is:
Neighbours: [10], Number: 1","{'neighbours': ['10'], 'number': 1}","{'neighbours': ['10'], 'number': 1}",1,3.891251087,880,191,1071
graph_104,"{'start_node': '1', 'end_node': '9'}",zero_shot,standard,"Neighbours: 8, Number: 1","{'neighbours': ['8'], 'number': 1}","{'neighbours': ['8'], 'number': 1}",1,0.6143140793,216,10,226
graph_104,"{'start_node': '1', 'end_node': '9'}",zero_shot,cot,"To solve the problem, we need to find the common neighbors of nodes 1 and 9 in the given graph. Let's go through the steps:

1. **Identify all neighboring nodes of node 1:**
   - From the adjacency list, node 1 has the following neighbor:
     - 8

2. **Identify all neighboring nodes of node 9:**
   - From the adjacency list, node 9 has the following neighbors:
     - 3, 6, 8

3. **Determine which nodes appear in both neighbor lists:**
   - Compare the neighbors of node 1 and node 9:
     - Node 1 has neighbor: 8
     - Node 9 has neighbors: 3, 6, 8
   - The common neighbor is: 8

4. **Count the number of common neighbors:**
   - There is 1 common neighbor.

Therefore, the common neighbors of nodes 1 and 9 are [8], and the number of common neighbors is 1.

Final answer:
'Neighbours: 8, Number: 1'","{'neighbours': ['8'], 'number': 1}","{'neighbours': ['8'], 'number': 1}",1,12.08256006,264,228,492
graph_104,"{'start_node': '1', 'end_node': '9'}",few_shots,standard,"Neighbours: [8], Number: 1","{'neighbours': ['8'], 'number': 1}","{'neighbours': ['8'], 'number': 1}",1,0.6113278866,674,10,684
graph_104,"{'start_node': '1', 'end_node': '9'}",few_shots,cot,"To solve the problem, we need to find the common neighbors of nodes 1 and 9 in the given graph. Let's go through the steps:

1. **Identify all neighboring nodes of node 1:**
   - From the adjacency list, node 1 has the following neighbors: 8.

2. **Identify all neighboring nodes of node 9:**
   - From the adjacency list, node 9 has the following neighbors: 3, 6, 8.

3. **Determine which nodes appear in both neighbor lists:**
   - The neighbors of node 1 are: [8].
   - The neighbors of node 9 are: [3, 6, 8].
   - The common neighbor between these two lists is: 8.

4. **Count the number of common neighbors:**
   - There is 1 common neighbor.

After verifying the connections for both nodes, the common neighbor is node 8.

Therefore, the solution is:
Neighbours: [8], Number: 1","{'neighbours': ['8'], 'number': 1}","{'neighbours': ['8'], 'number': 1}",1,5.837244034,880,209,1089
graph_1043,"{'start_node': '12', 'end_node': '5'}",zero_shot,standard,"Neighbours: 11, Number: 1","{'neighbours': ['11'], 'number': 1}","{'neighbours': ['11'], 'number': 1}",1,0.815721035,330,10,340
graph_1043,"{'start_node': '12', 'end_node': '5'}",zero_shot,cot,"To solve the problem of finding the common neighbors of nodes 12 and 5, we will follow the outlined steps:

1. **Identify all neighboring nodes of node 12:**
   - From the adjacency list, node 12 is connected to nodes 6, 11, and 17.
   - Therefore, the neighbors of node 12 are: 6, 11, 17.

2. **Identify all neighboring nodes of node 5:**
   - From the adjacency list, node 5 is connected to nodes 8, 9, and 11.
   - Therefore, the neighbors of node 5 are: 8, 9, 11.

3. **Determine which nodes appear in both neighbor lists:**
   - Compare the neighbors of node 12 (6, 11, 17) with the neighbors of node 5 (8, 9, 11).
   - The common node in both lists is: 11.

4. **Count the number of common neighbors:**
   - There is 1 common neighbor, which is node 11.

After verifying the connections for both nodes, we can conclude:

Neighbours: [11], Number: 1","{'neighbours': ['11'], 'number': 1}","{'neighbours': ['11'], 'number': 1}",1,5.529946327,378,248,626
graph_1043,"{'start_node': '12', 'end_node': '5'}",few_shots,standard,"Neighbours: [11], Number: 1","{'neighbours': ['11'], 'number': 1}","{'neighbours': ['11'], 'number': 1}",1,0.5088748932,788,10,798
graph_1043,"{'start_node': '12', 'end_node': '5'}",few_shots,cot,"To solve the problem, we need to find the common neighbors of nodes 12 and 5 in the given graph. Let's go through the steps:

1. **Identify all neighboring nodes of node 12:**
   - From the adjacency list, node 12 is connected to nodes 6, 11, and 17.
   - Neighbors of node 12: [6, 11, 17]

2. **Identify all neighboring nodes of node 5:**
   - From the adjacency list, node 5 is connected to nodes 8, 9, and 11.
   - Neighbors of node 5: [8, 9, 11]

3. **Determine the common neighbors:**
   - Compare the lists of neighbors for nodes 12 and 5.
   - Common neighbors are those that appear in both lists.
   - The common neighbor is node 11.

4. **Count the number of common neighbors:**
   - There is 1 common neighbor.

After verifying the connections, the common neighbor is node 11, and there is only one such node.

Final answer: Neighbours: [11], Number: 1","{'neighbours': ['11'], 'number': 1}","{'neighbours': ['11'], 'number': 1}",1,5.218865871,994,241,1235
graph_1043,"{'start_node': '2', 'end_node': '4'}",zero_shot,standard,"Neighbours: [none], Number: 0","{'neighbours': ['none'], 'number': 0}","{'neighbours': ['1'], 'number': 1}",0,1.018200874,330,10,340
graph_1043,"{'start_node': '2', 'end_node': '4'}",zero_shot,cot,"To solve the problem of finding the common neighbors of nodes 2 and 4, we will follow the steps outlined:

1. **Identify all neighboring nodes of node 2:**
   - From the adjacency list, node 2 is connected to nodes 1, 15, and 20.
   - Therefore, the neighbors of node 2 are: 1, 15, 20.

2. **Identify all neighboring nodes of node 4:**
   - From the adjacency list, node 4 is connected to nodes 1, 18, and 19.
   - Therefore, the neighbors of node 4 are: 1, 18, 19.

3. **Determine which nodes appear in both neighbor lists:**
   - Compare the neighbors of node 2 (1, 15, 20) with the neighbors of node 4 (1, 18, 19).
   - The common node between these two lists is: 1.

4. **Count the number of common neighbors:**
   - There is 1 common neighbor.

After verifying the connections for both nodes, we can conclude that the common neighbor is node 1, and there is only one common neighbor.

Final answer:
'Neighbours: 1, Number: 1'","{'neighbours': ['1'], 'number': 1}","{'neighbours': ['1'], 'number': 1}",1,6.048367262,378,264,642
graph_1043,"{'start_node': '2', 'end_node': '4'}",few_shots,standard,"Neighbours: [1], Number: 1","{'neighbours': ['1'], 'number': 1}","{'neighbours': ['1'], 'number': 1}",1,0.6125249863,788,10,798
graph_1043,"{'start_node': '2', 'end_node': '4'}",few_shots,cot,"To solve the problem, we need to find the common neighbors of nodes 2 and 4 in the given graph. Let's go through the steps:

1. **Identify all neighboring nodes of node 2:**
   - From the adjacency list, node 2 is connected to nodes: 1, 15, and 20.
   - Neighbours of node 2: [1, 15, 20]

2. **Identify all neighboring nodes of node 4:**
   - From the adjacency list, node 4 is connected to nodes: 1, 18, and 19.
   - Neighbours of node 4: [1, 18, 19]

3. **Determine the common neighbors of nodes 2 and 4:**
   - Compare the lists of neighbors for nodes 2 and 4: [1, 15, 20] and [1, 18, 19].
   - The common node in both lists is: 1.

4. **Count the number of common neighbors:**
   - There is 1 common neighbor.

Therefore, the solution is:

Neighbours: [1], Number: 1","{'neighbours': ['1'], 'number': 1}","{'neighbours': ['1'], 'number': 1}",1,5.119806051,994,241,1235
graph_112,"{'start_node': '1', 'end_node': '8'}",zero_shot,standard,"Neighbours: 9, Number: 1","{'neighbours': ['9'], 'number': 1}","{'neighbours': ['9'], 'number': 1}",1,0.9173371792,216,10,226
graph_112,"{'start_node': '1', 'end_node': '8'}",zero_shot,cot,"To solve the problem, we need to find the common neighbors of nodes 1 and 8 in the given graph. Let's go through the steps:

1. **Identify all neighboring nodes of node 1:**
   - From the adjacency list, node 1 has the following neighbor:
     - Node 9

2. **Identify all neighboring nodes of node 8:**
   - From the adjacency list, node 8 has the following neighbor:
     - Node 9

3. **Determine which nodes appear in both neighbor lists:**
   - Compare the neighbors of node 1 and node 8:
     - Node 1 has neighbor: 9
     - Node 8 has neighbor: 9
   - The common neighbor is node 9.

4. **Count the number of common neighbors:**
   - There is 1 common neighbor, which is node 9.

Therefore, the common neighbors of nodes 1 and 8 are node 9, and the number of common neighbors is 1.

Final answer:
'Neighbours: 9, Number: 1'","{'neighbours': ['9'], 'number': 1}","{'neighbours': ['9'], 'number': 1}",1,7.270045042,264,225,489
graph_112,"{'start_node': '1', 'end_node': '8'}",few_shots,standard,"Neighbours: [9], Number: 1","{'neighbours': ['9'], 'number': 1}","{'neighbours': ['9'], 'number': 1}",1,0.8160610199,674,10,684
graph_112,"{'start_node': '1', 'end_node': '8'}",few_shots,cot,"To solve the problem, we need to find the common neighbors of nodes 1 and 8 in the given graph. Let's go through the steps:

1. **Identify all neighboring nodes of node 1:**
   - From the adjacency list, node 1 has the following neighbors: 9.

2. **Identify all neighboring nodes of node 8:**
   - From the adjacency list, node 8 has the following neighbors: 9.

3. **Determine which nodes appear in both neighbor lists:**
   - The neighbors of node 1 are [9].
   - The neighbors of node 8 are [9].
   - The common neighbor between node 1 and node 8 is node 9.

4. **Count the number of common neighbors:**
   - There is 1 common neighbor, which is node 9.

After verifying the connections for both nodes, the common neighbor is node 9, and there is only one such node.

Final answer: Neighbours: [9], Number: 1","{'neighbours': ['9'], 'number': 1}","{'neighbours': ['9'], 'number': 1}",1,3.86337471,880,211,1091
graph_112,"{'start_node': '1', 'end_node': '10'}",zero_shot,standard,"Neighbours: [9], Number: 1","{'neighbours': ['9'], 'number': 1}","{'neighbours': ['9'], 'number': 1}",1,0.4668588638,216,10,226
graph_112,"{'start_node': '1', 'end_node': '10'}",zero_shot,cot,"To solve the problem of finding the common neighbours of nodes 1 and 10, we will follow the steps outlined:

1. **Identify all neighboring nodes of node 1:**
   - From the adjacency list, node 1 has the following neighbor:
     - 9

2. **Identify all neighboring nodes of node 10:**
   - From the adjacency list, node 10 has the following neighbors:
     - 2, 3, 4, 5, 9

3. **Determine which nodes appear in both neighbor lists:**
   - The neighbors of node 1 are: [9]
   - The neighbors of node 10 are: [2, 3, 4, 5, 9]
   - The common neighbor between node 1 and node 10 is: [9]

4. **Count the number of common neighbors:**
   - There is 1 common neighbor.

After verifying the connections for both nodes, the common neighbor is correctly identified.

Final answer:
'Neighbours: 9, Number: 1'","{'neighbours': ['9'], 'number': 1}","{'neighbours': ['9'], 'number': 1}",1,4.681426764,264,221,485
graph_112,"{'start_node': '1', 'end_node': '10'}",few_shots,standard,"Neighbours: [9], Number: 1","{'neighbours': ['9'], 'number': 1}","{'neighbours': ['9'], 'number': 1}",1,0.7128982544,674,10,684
graph_112,"{'start_node': '1', 'end_node': '10'}",few_shots,cot,"To solve the problem, we need to find the common neighbors of nodes 1 and 10 in the given graph. Let's go through the steps:

1. **Identify all neighboring nodes of node 1:**
   - From the adjacency list, node 1 has the following neighbor:
     - 9

2. **Identify all neighboring nodes of node 10:**
   - From the adjacency list, node 10 has the following neighbors:
     - 2, 3, 4, 5, 9

3. **Determine which nodes appear in both neighbor lists:**
   - Compare the neighbors of node 1 and node 10:
     - Node 1's neighbors: [9]
     - Node 10's neighbors: [2, 3, 4, 5, 9]
   - The common neighbor is node 9.

4. **Count the number of common neighbors:**
   - There is 1 common neighbor.

Therefore, the solution is:

Neighbours: [9], Number: 1","{'neighbours': ['9'], 'number': 1}","{'neighbours': ['9'], 'number': 1}",1,4.917307138,880,215,1095
graph_1306,"{'start_node': '5', 'end_node': '7'}",zero_shot,standard,"Neighbours: [3, 4, 6], Number: 3","{'neighbours': ['3', '4', '6'], 'number': 3}","{'neighbours': ['3', '6'], 'number': 2}",0.667,1.135310888,219,16,235
graph_1306,"{'start_node': '5', 'end_node': '7'}",zero_shot,cot,"To solve the problem of finding the common neighbors of nodes 5 and 7, we will follow the outlined steps:

1. **Identify all neighboring nodes of node 5:**
   - From the adjacency list, node 5 is connected to nodes 2, 3, 6, and 7.
   - Therefore, the neighbors of node 5 are: 2, 3, 6, 7.

2. **Identify all neighboring nodes of node 7:**
   - From the adjacency list, node 7 is connected to nodes 3, 4, 5, and 6.
   - Therefore, the neighbors of node 7 are: 3, 4, 5, 6.

3. **Determine which nodes appear in both neighbor lists:**
   - Compare the neighbors of node 5 (2, 3, 6, 7) with the neighbors of node 7 (3, 4, 5, 6).
   - The common neighbors are the nodes that appear in both lists: 3 and 6.

4. **Count the number of common neighbors:**
   - The common neighbors are 3 and 6, which makes a total of 2 common neighbors.

After verifying the connections for both nodes, the common neighbors of nodes 5 and 7 are correctly identified as 3 and 6.

Final answer:
Neighbours: 3, 6, Number: 2","{'neighbours': ['3', '6'], 'number': 2}","{'neighbours': ['3', '6'], 'number': 2}",1,6.344891787,267,302,569
graph_1306,"{'start_node': '5', 'end_node': '7'}",few_shots,standard,"Neighbours: [3, 4, 6], Number: 3","{'neighbours': ['3', '4', '6'], 'number': 3}","{'neighbours': ['3', '6'], 'number': 2}",0.667,0.8141069412,677,16,693
graph_1306,"{'start_node': '5', 'end_node': '7'}",few_shots,cot,"To solve the problem, we need to find the common neighbors of nodes 5 and 7 in the given graph. Let's go through the steps:

1. **Identify all neighboring nodes of node 5:**
   - From the adjacency list, node 5 has the following neighbors: 2, 3, 6, 7.

2. **Identify all neighboring nodes of node 7:**
   - From the adjacency list, node 7 has the following neighbors: 3, 4, 5, 6.

3. **Determine which nodes appear in both neighbor lists:**
   - Compare the neighbors of node 5 (2, 3, 6, 7) with the neighbors of node 7 (3, 4, 5, 6).
   - The common neighbors are nodes 3 and 6.

4. **Count the number of common neighbors:**
   - There are 2 common neighbors: 3 and 6.

After verifying the connections for both nodes, the final answer is:

Neighbours: [3, 6], Number: 2","{'neighbours': ['3', '6'], 'number': 2}","{'neighbours': ['3', '6'], 'number': 2}",1,4.503371,883,228,1111
graph_1306,"{'start_node': '2', 'end_node': '3'}",zero_shot,standard,"Neighbours: 5, Number: 1","{'neighbours': ['5'], 'number': 1}","{'neighbours': ['5', '1'], 'number': 2}",0.5,0.7078888416,219,10,229
graph_1306,"{'start_node': '2', 'end_node': '3'}",zero_shot,cot,"To solve the problem of finding the common neighbours of nodes 2 and 3, we will follow the outlined steps:

1. **Identify all neighboring nodes of node 2:**
   - From the adjacency list, node 2 is connected to nodes 1, 5, and 6.
   - Therefore, the neighbours of node 2 are: {1, 5, 6}.

2. **Identify all neighboring nodes of node 3:**
   - From the adjacency list, node 3 is connected to nodes 1, 5, and 7.
   - Therefore, the neighbours of node 3 are: {1, 5, 7}.

3. **Determine which nodes appear in both neighbor lists:**
   - The common neighbours between node 2 and node 3 are the intersection of their neighbour sets.
   - Intersection of {1, 5, 6} and {1, 5, 7} is {1, 5}.

4. **Count the number of common neighbors:**
   - The number of common neighbours is the size of the intersection set.
   - The set {1, 5} has 2 elements.

After verifying the connections for both nodes, we can conclude:

Neighbours: 1, 5, Number: 2","{'neighbours': ['1', '5'], 'number': 2}","{'neighbours': ['5', '1'], 'number': 2}",1,5.630784035,267,273,540
graph_1306,"{'start_node': '2', 'end_node': '3'}",few_shots,standard,"Neighbours: [5], Number: 1","{'neighbours': ['5'], 'number': 1}","{'neighbours': ['5', '1'], 'number': 2}",0.5,7.689321995,677,10,687
graph_1306,"{'start_node': '2', 'end_node': '3'}",few_shots,cot,"To solve the problem, we need to find the common neighbors of nodes 2 and 3 in the given graph. Let's go through the steps:

1. **Identify all neighboring nodes of node 2:**
   - From the adjacency list, node 2 is connected to nodes 1, 5, and 6.
   - Therefore, the neighbors of node 2 are: [1, 5, 6].

2. **Identify all neighboring nodes of node 3:**
   - From the adjacency list, node 3 is connected to nodes 1, 5, and 7.
   - Therefore, the neighbors of node 3 are: [1, 5, 7].

3. **Determine which nodes appear in both neighbor lists:**
   - Compare the lists of neighbors for nodes 2 and 3.
   - Common neighbors are those that appear in both lists: [1, 5].

4. **Count the number of common neighbors:**
   - The common neighbors are nodes 1 and 5.
   - Therefore, the number of common neighbors is 2.

After verifying the connections for both nodes, the final answer is:

Neighbours: [1, 5], Number: 2","{'neighbours': ['1', '5'], 'number': 2}","{'neighbours': ['5', '1'], 'number': 2}",1,6.039653301,883,255,1138
graph_20757,"{'start_node': '7', 'end_node': '8'}",zero_shot,standard,"Neighbours: 5, 6, 9, 10, Number: 4","{'neighbours': ['5', '6', '9', '10'], 'number': 4}","{'neighbours': ['6', '5'], 'number': 2}",0.5,0.8149197102,252,19,271
graph_20757,"{'start_node': '7', 'end_node': '8'}",zero_shot,cot,"To solve the problem, we need to find the common neighbors of nodes 7 and 8 in the given graph. Let's go through the steps:

1. **Identify all neighboring nodes of node 7:**
   - From the adjacency list, node 7 has neighbors: 5, 6, 9, and 10.

2. **Identify all neighboring nodes of node 8:**
   - From the adjacency list, node 8 has neighbors: 3, 4, 5, and 6.

3. **Determine which nodes appear in both neighbor lists:**
   - Compare the neighbors of node 7 (5, 6, 9, 10) with the neighbors of node 8 (3, 4, 5, 6).
   - The common neighbors are: 5 and 6.

4. **Count the number of common neighbors:**
   - There are 2 common neighbors: 5 and 6.

After verifying the connections for both nodes, the common neighbors are correctly identified.

Final answer:
'Neighbours: 5, 6, Number: 2'","{'neighbours': ['5', '6'], 'number': 2}","{'neighbours': ['6', '5'], 'number': 2}",1,5.837369204,300,233,533
graph_20757,"{'start_node': '7', 'end_node': '8'}",few_shots,standard,"Neighbours: [6, 9, 10], Number: 3","{'neighbours': ['6', '9', '10'], 'number': 3}","{'neighbours': ['6', '5'], 'number': 2}",0.25,0.7219772339,710,16,726
graph_20757,"{'start_node': '7', 'end_node': '8'}",few_shots,cot,"To solve the problem, we need to find the common neighbors of nodes 7 and 8 in the given graph. Let's go through the steps:

1. **Identify all neighboring nodes of node 7:**
   - From the adjacency list, node 7 has the following neighbors: 5, 6, 9, 10.

2. **Identify all neighboring nodes of node 8:**
   - From the adjacency list, node 8 has the following neighbors: 3, 4, 5, 6.

3. **Determine which nodes appear in both neighbor lists:**
   - Compare the neighbors of node 7 (5, 6, 9, 10) with the neighbors of node 8 (3, 4, 5, 6).
   - The common neighbors are nodes 5 and 6.

4. **Count the number of common neighbors:**
   - There are 2 common neighbors: 5 and 6.

After verifying the connections for both nodes, the final answer is:

Neighbours: [5, 6], Number: 2","{'neighbours': ['5', '6'], 'number': 2}","{'neighbours': ['6', '5'], 'number': 2}",1,8.08702302,916,228,1144
graph_20757,"{'start_node': '2', 'end_node': '3'}",zero_shot,standard,"Neighbours: [1, 10], Number: 2","{'neighbours': ['1', '10'], 'number': 2}","{'neighbours': ['1'], 'number': 1}",0.5,0.7142949104,252,13,265
graph_20757,"{'start_node': '2', 'end_node': '3'}",zero_shot,cot,"To solve the problem of finding the common neighbours of nodes 2 and 3, we will follow the outlined steps:

1. **Identify all neighboring nodes of node 2:**
   - From the adjacency list, node 2 is connected to nodes 1, 4, and 10.
   - Therefore, the neighbours of node 2 are: 1, 4, 10.

2. **Identify all neighboring nodes of node 3:**
   - From the adjacency list, node 3 is connected to nodes 1, 8, and 9.
   - Therefore, the neighbours of node 3 are: 1, 8, 9.

3. **Determine which nodes appear in both neighbor lists:**
   - Compare the neighbours of node 2 (1, 4, 10) with the neighbours of node 3 (1, 8, 9).
   - The common node between these two lists is: 1.

4. **Count the number of common neighbors:**
   - There is 1 common neighbour.

After verifying the connections for both nodes, the common neighbour is correctly identified as node 1.

Final answer:
'Neighbours: 1, Number: 1'","{'neighbours': ['1'], 'number': 1}","{'neighbours': ['1'], 'number': 1}",1,5.222111225,300,255,555
graph_20757,"{'start_node': '2', 'end_node': '3'}",few_shots,standard,"Neighbours: [1, 10], Number: 2","{'neighbours': ['1', '10'], 'number': 2}","{'neighbours': ['1'], 'number': 1}",0.5,0.9130063057,710,13,723
graph_20757,"{'start_node': '2', 'end_node': '3'}",few_shots,cot,"To find the common neighbours of nodes 2 and 3, let's follow the steps outlined:

1) **Identify all neighboring nodes of node 2:**
   - From the adjacency list, node 2 has the following neighbours: 1, 4, 10.

2) **Identify all neighboring nodes of node 3:**
   - From the adjacency list, node 3 has the following neighbours: 1, 8, 9.

3) **Determine which nodes appear in both neighbor lists:**
   - Compare the lists of neighbours for nodes 2 and 3:
     - Node 2 neighbours: 1, 4, 10
     - Node 3 neighbours: 1, 8, 9
   - The common neighbour is node 1.

4) **Count the number of common neighbors:**
   - There is 1 common neighbour.

Therefore, the solution is:
Neighbours: [1], Number: 1","{'neighbours': ['1'], 'number': 1}","{'neighbours': ['1'], 'number': 1}",1,4.718408108,916,199,1115
graph_226,"{'start_node': '3', 'end_node': '5'}",zero_shot,standard,"Neighbours: [2, 4, 6], Number: 3","{'neighbours': ['2', '4', '6'], 'number': 3}","{'neighbours': ['6', '1'], 'number': 2}",0.25,1.125427008,216,16,232
graph_226,"{'start_node': '3', 'end_node': '5'}",zero_shot,cot,"To solve the problem of finding the common neighbours of nodes 3 and 5, we will follow the outlined steps:

1. **Identify all neighboring nodes of node 3:**
   - From the adjacency list, node 3 is connected to nodes 1, 2, 5, and 6.
   - Therefore, the neighbours of node 3 are: 1, 2, 5, 6.

2. **Identify all neighboring nodes of node 5:**
   - From the adjacency list, node 5 is connected to nodes 1, 3, 4, and 6.
   - Therefore, the neighbours of node 5 are: 1, 3, 4, 6.

3. **Determine which nodes appear in both neighbor lists:**
   - Compare the neighbours of node 3 (1, 2, 5, 6) with the neighbours of node 5 (1, 3, 4, 6).
   - The common nodes are: 1 and 6.

4. **Count the number of common neighbors:**
   - The common neighbours are 1 and 6, which makes a total of 2 common neighbours.

After verifying the connections for both nodes, the common neighbours of nodes 3 and 5 are correctly identified.

Final answer:
'Neighbours: 1, 6, Number: 2'","{'neighbours': ['1', '6'], 'number': 2}","{'neighbours': ['6', '1'], 'number': 2}",1,8.704260111,264,291,555
graph_226,"{'start_node': '3', 'end_node': '5'}",few_shots,standard,"Neighbours: [1, 2, 4, 6], Number: 4","{'neighbours': ['1', '2', '4', '6'], 'number': 4}","{'neighbours': ['6', '1'], 'number': 2}",0.5,0.8114202023,674,19,693
graph_226,"{'start_node': '3', 'end_node': '5'}",few_shots,cot,"To solve the problem, we need to find the common neighbors of nodes 3 and 5 in the given graph. Let's go through the steps:

1. **Identify all neighboring nodes of node 3:**
   - From the adjacency list, node 3 is connected to nodes: 1, 2, 5, and 6.
   - Neighbours of node 3: [1, 2, 5, 6]

2. **Identify all neighboring nodes of node 5:**
   - From the adjacency list, node 5 is connected to nodes: 1, 3, 4, and 6.
   - Neighbours of node 5: [1, 3, 4, 6]

3. **Determine which nodes appear in both neighbor lists:**
   - Compare the lists from steps 1 and 2: [1, 2, 5, 6] and [1, 3, 4, 6].
   - The common neighbors are nodes 1 and 6.

4. **Count the number of common neighbors:**
   - The common neighbors are nodes 1 and 6, so there are 2 common neighbors.

After verifying the connections for both nodes, the final answer is:

Neighbours: [1, 6], Number: 2","{'neighbours': ['1', '6'], 'number': 2}","{'neighbours': ['6', '1'], 'number': 2}",1,10.15292597,880,276,1156
graph_226,"{'start_node': '1', 'end_node': '3'}",zero_shot,standard,"Neighbours: 2, 5, Number: 2","{'neighbours': ['2', '5'], 'number': 2}","{'neighbours': ['2', '5'], 'number': 2}",1,0.6438910961,216,13,229
graph_226,"{'start_node': '1', 'end_node': '3'}",zero_shot,cot,"To solve the problem of finding the common neighbours of nodes 1 and 3, we will follow the outlined steps:

1. **Identify all neighboring nodes of node 1:**
   - From the adjacency list, node 1 is connected to nodes 2, 3, 4, and 5.
   - Therefore, the neighbours of node 1 are: {2, 3, 4, 5}.

2. **Identify all neighboring nodes of node 3:**
   - From the adjacency list, node 3 is connected to nodes 1, 2, 5, and 6.
   - Therefore, the neighbours of node 3 are: {1, 2, 5, 6}.

3. **Determine which nodes appear in both neighbor lists:**
   - We need to find the intersection of the two sets of neighbours.
   - Neighbours of node 1: {2, 3, 4, 5}
   - Neighbours of node 3: {1, 2, 5, 6}
   - The common neighbours are the nodes that appear in both sets: {2, 5}.

4. **Count the number of common neighbors:**
   - The common neighbours are nodes 2 and 5.
   - Therefore, the number of common neighbours is 2.

After verifying the connections for both nodes, we can conclude that the common neighbours of nodes 1 and 3 are nodes 2 and 5, and there are 2 such common neighbours.

Final answer:
'Neighbours: 2, 5, Number: 2'","{'neighbours': ['2', '5'], 'number': 2}","{'neighbours': ['2', '5'], 'number': 2}",1,9.033496141,264,339,603
graph_226,"{'start_node': '1', 'end_node': '3'}",few_shots,standard,"Neighbours: [2, 5, 6], Number: 3","{'neighbours': ['2', '5', '6'], 'number': 3}","{'neighbours': ['2', '5'], 'number': 2}",0.667,0.6471090317,674,16,690
graph_226,"{'start_node': '1', 'end_node': '3'}",few_shots,cot,"To solve the problem, we need to find the common neighbors of nodes 1 and 3 in the given graph. Let's go through the steps:

1. **Identify all neighboring nodes of node 1:**
   - From the adjacency list, node 1 has the following neighbors: 2, 3, 4, 5.

2. **Identify all neighboring nodes of node 3:**
   - From the adjacency list, node 3 has the following neighbors: 1, 2, 5, 6.

3. **Determine which nodes appear in both neighbor lists:**
   - Compare the neighbors of node 1 (2, 3, 4, 5) with the neighbors of node 3 (1, 2, 5, 6).
   - The common neighbors are nodes 2 and 5.

4. **Count the number of common neighbors:**
   - There are 2 common neighbors: 2 and 5.

After verifying the connections for both nodes, the common neighbors are correctly identified. 

Final answer: Neighbours: [2, 5], Number: 2","{'neighbours': ['2', '5'], 'number': 2}","{'neighbours': ['2', '5'], 'number': 2}",1,8.807123899,880,235,1115
graph_23686,"{'start_node': '15', 'end_node': '21'}",zero_shot,standard,"Neighbours: 17, Number: 1","{'neighbours': ['17'], 'number': 1}","{'neighbours': ['17'], 'number': 1}",1,0.81448102,368,10,378
graph_23686,"{'start_node': '15', 'end_node': '21'}",zero_shot,cot,"To solve the problem, we need to find the common neighbors of nodes 15 and 21 in the given graph. Let's go through the steps:

1. **Identify all neighboring nodes of node 15:**
   - From the adjacency list, node 15 is connected to nodes 6, 17, and 20.
   - Therefore, the neighbors of node 15 are: 6, 17, 20.

2. **Identify all neighboring nodes of node 21:**
   - From the adjacency list, node 21 is connected to nodes 2, 10, 14, 17, and 18.
   - Therefore, the neighbors of node 21 are: 2, 10, 14, 17, 18.

3. **Determine which nodes appear in both neighbor lists:**
   - Compare the neighbors of node 15 (6, 17, 20) with the neighbors of node 21 (2, 10, 14, 17, 18).
   - The common node between these two lists is 17.

4. **Count the number of common neighbors:**
   - There is 1 common neighbor, which is node 17.

After verifying the connections for both nodes, we can conclude:

Neighbours: [17], Number: 1","{'neighbours': ['17'], 'number': 1}","{'neighbours': ['17'], 'number': 1}",1,11.57825565,416,272,688
graph_23686,"{'start_node': '15', 'end_node': '21'}",few_shots,standard,"Neighbours: [17], Number: 1","{'neighbours': ['17'], 'number': 1}","{'neighbours': ['17'], 'number': 1}",1,0.7106189728,826,10,836
graph_23686,"{'start_node': '15', 'end_node': '21'}",few_shots,cot,"To solve the problem, we need to find the common neighbors of nodes 15 and 21 from the given adjacency list. Let's go through the steps:

1. **Identify all neighboring nodes of node 15:**
   - From the adjacency list, node 15 is connected to nodes 6, 17, and 20.
   - Neighbors of node 15: [6, 17, 20]

2. **Identify all neighboring nodes of node 21:**
   - From the adjacency list, node 21 is connected to nodes 2, 10, 14, 17, and 18.
   - Neighbors of node 21: [2, 10, 14, 17, 18]

3. **Determine the common neighbors of nodes 15 and 21:**
   - Compare the two lists of neighbors: [6, 17, 20] and [2, 10, 14, 17, 18].
   - The common neighbor is node 17.

4. **Count the number of common neighbors:**
   - There is 1 common neighbor.

After verifying the connections, the common neighbor is node 17, and there is only one common neighbor.

Final answer:
Neighbours: [17], Number: 1","{'neighbours': ['6', '17', '20'], 'number': 1}","{'neighbours': ['17'], 'number': 1}",0.333,6.248282909,1032,267,1299
graph_23686,"{'start_node': '16', 'end_node': '6'}",zero_shot,standard,"Neighbours: 18, 20, Number: 2","{'neighbours': ['18', '20'], 'number': 2}","{'neighbours': ['18'], 'number': 1}",0.5,0.6093399525,368,13,381
graph_23686,"{'start_node': '16', 'end_node': '6'}",zero_shot,cot,"To solve the problem, we need to find the common neighbors of nodes 16 and 6 in the given graph. Let's go through the steps:

1. **Identify all neighboring nodes of node 16:**
   - From the adjacency list, node 16 is connected to nodes 1, 18, and 20.
   - Therefore, the neighbors of node 16 are: 1, 18, 20.

2. **Identify all neighboring nodes of node 6:**
   - From the adjacency list, node 6 is connected to nodes 15, 18, and 22.
   - Therefore, the neighbors of node 6 are: 15, 18, 22.

3. **Determine which nodes appear in both neighbor lists:**
   - Compare the neighbors of node 16 (1, 18, 20) with the neighbors of node 6 (15, 18, 22).
   - The common node between these two lists is: 18.

4. **Count the number of common neighbors:**
   - There is 1 common neighbor, which is node 18.

After verifying the connections for both nodes, we can conclude that the common neighbor is node 18, and there is only one such common neighbor.

Final answer:
'Neighbours: 18, Number: 1'","{'neighbours': ['18'], 'number': 1}","{'neighbours': ['18'], 'number': 1}",1,11.20106125,416,277,693
graph_23686,"{'start_node': '16', 'end_node': '6'}",few_shots,standard,"Neighbours: [18, 20], Number: 2","{'neighbours': ['18', '20'], 'number': 2}","{'neighbours': ['18'], 'number': 1}",0.5,0.6750671864,826,13,839
graph_23686,"{'start_node': '16', 'end_node': '6'}",few_shots,cot,"To solve the problem, we need to find the common neighbors of nodes 16 and 6 in the given graph. Let's go through the steps:

1. **Identify all neighboring nodes of node 16:**
   - From the adjacency list, node 16 has the following neighbors: 1, 18, 20.

2. **Identify all neighboring nodes of node 6:**
   - From the adjacency list, node 6 has the following neighbors: 15, 18, 22.

3. **Determine the common neighbors:**
   - Compare the neighbor lists of nodes 16 and 6:
     - Node 16's neighbors: 1, 18, 20
     - Node 6's neighbors: 15, 18, 22
   - The common neighbor is node 18.

4. **Count the number of common neighbors:**
   - There is 1 common neighbor.

Therefore, the solution is:

Neighbours: [18], Number: 1","{'neighbours': ['18'], 'number': 1}","{'neighbours': ['18'], 'number': 1}",1,5.222378016,1032,207,1239
graph_26957,"{'start_node': '3', 'end_node': '7'}",zero_shot,standard,"Neighbours: 12, 13, 18, Number: 3","{'neighbours': ['12', '13', '18'], 'number': 3}","{'neighbours': ['13', '18', '12'], 'number': 3}",1,0.7613441944,370,16,386
graph_26957,"{'start_node': '3', 'end_node': '7'}",zero_shot,cot,"To solve the problem of finding the common neighbors of nodes 3 and 7, we will follow the outlined steps:

1. **Identify all neighboring nodes of node 3:**
   - From the adjacency list, node 3 is connected to nodes: 1, 12, 13, and 18.

2. **Identify all neighboring nodes of node 7:**
   - From the adjacency list, node 7 is connected to nodes: 6, 12, 13, and 18.

3. **Determine which nodes appear in both neighbor lists:**
   - Compare the neighbors of node 3: {1, 12, 13, 18}
   - With the neighbors of node 7: {6, 12, 13, 18}
   - The common neighbors are: 12, 13, and 18.

4. **Count the number of common neighbors:**
   - There are 3 common neighbors: 12, 13, and 18.

After verifying the connections for both nodes, the common neighbors are correctly identified.

Final answer:
'Neighbours: 12, 13, 18, Number: 3'","{'neighbours': ['12', '13', '18'], 'number': 3}","{'neighbours': ['13', '18', '12'], 'number': 3}",1,5.274585962,418,246,664
graph_26957,"{'start_node': '3', 'end_node': '7'}",few_shots,standard,"Neighbours: [12, 13, 18], Number: 3","{'neighbours': ['12', '13', '18'], 'number': 3}","{'neighbours': ['13', '18', '12'], 'number': 3}",1,0.7195150852,828,16,844
graph_26957,"{'start_node': '3', 'end_node': '7'}",few_shots,cot,"To solve the problem, we need to find the common neighbors of nodes 3 and 7 in the given graph. Let's go through the steps:

1. **Identify all neighboring nodes of node 3:**
   - From the adjacency list, node 3 is connected to nodes: 1, 12, 13, and 18.

2. **Identify all neighboring nodes of node 7:**
   - From the adjacency list, node 7 is connected to nodes: 6, 12, 13, and 18.

3. **Determine the common neighbors:**
   - Compare the neighbors of node 3 and node 7:
     - Node 3 neighbors: 1, 12, 13, 18
     - Node 7 neighbors: 6, 12, 13, 18
   - The common neighbors are nodes: 12, 13, and 18.

4. **Count the number of common neighbors:**
   - There are 3 common neighbors: 12, 13, and 18.

After verifying the connections for both nodes, the final answer is:

Neighbours: [12, 13, 18], Number: 3","{'neighbours': ['12', '13', '18'], 'number': 3}","{'neighbours': ['13', '18', '12'], 'number': 3}",1,6.860193968,1034,250,1284
graph_26957,"{'start_node': '1', 'end_node': '12'}",zero_shot,standard,"Neighbours: 3, Number: 1","{'neighbours': ['3'], 'number': 1}","{'neighbours': ['3'], 'number': 1}",1,0.6095099449,370,10,380
graph_26957,"{'start_node': '1', 'end_node': '12'}",zero_shot,cot,"To solve the problem of finding the common neighbors between nodes 1 and 12, we will follow the outlined steps:

1. **Identify all neighboring nodes of node 1:**
   - From the adjacency list, node 1 has the following neighbors: 2, 3, 4, 5.

2. **Identify all neighboring nodes of node 12:**
   - From the adjacency list, node 12 has the following neighbors: 3, 6, 7, 13.

3. **Determine which nodes appear in both neighbor lists:**
   - Compare the neighbors of node 1 (2, 3, 4, 5) with the neighbors of node 12 (3, 6, 7, 13).
   - The common neighbor is: 3.

4. **Count the number of common neighbors:**
   - There is 1 common neighbor.

After verifying the connections for both nodes, the common neighbor is correctly identified.

Final answer:
'Neighbours: 3, Number: 1'","{'neighbours': ['3'], 'number': 1}","{'neighbours': ['3'], 'number': 1}",1,4.712562323,418,217,635
graph_26957,"{'start_node': '1', 'end_node': '12'}",few_shots,standard,"Neighbours: [3], Number: 1","{'neighbours': ['3'], 'number': 1}","{'neighbours': ['3'], 'number': 1}",1,0.7164800167,828,10,838
graph_26957,"{'start_node': '1', 'end_node': '12'}",few_shots,cot,"To solve the problem, we need to find the common neighbors of nodes 1 and 12 in the given graph. Let's go through the steps:

1. **Identify all neighboring nodes of node 1:**
   - From the adjacency list, node 1 is connected to nodes 2, 3, 4, and 5.
   - Neighbors of node 1: [2, 3, 4, 5]

2. **Identify all neighboring nodes of node 12:**
   - From the adjacency list, node 12 is connected to nodes 3, 6, 7, and 13.
   - Neighbors of node 12: [3, 6, 7, 13]

3. **Determine which nodes appear in both neighbor lists:**
   - Compare the lists from steps 1 and 2: [2, 3, 4, 5] and [3, 6, 7, 13].
   - The common node is 3.

4. **Count the number of common neighbors:**
   - There is 1 common neighbor.

After verifying the connections, the common neighbor of nodes 1 and 12 is node 3. Therefore, the solution is:

Neighbours: [3], Number: 1","{'neighbours': ['3'], 'number': 1}","{'neighbours': ['3'], 'number': 1}",1,5.631868124,1034,268,1302
graph_30911,"{'start_node': '14', 'end_node': '15'}",zero_shot,standard,"Neighbours: 12, 27, Number: 2","{'neighbours': ['12', '27'], 'number': 2}","{'neighbours': ['27', '12'], 'number': 2}",1,1.120108128,420,13,433
graph_30911,"{'start_node': '14', 'end_node': '15'}",zero_shot,cot,"To solve the problem, we need to find the common neighbors of nodes 14 and 15 in the given graph. Let's go through the steps:

1. **Identify all neighboring nodes of node 14:**
   - From the adjacency list, node 14 is connected to nodes 12, 15, and 27.
   - Therefore, the neighbors of node 14 are: 12, 15, 27.

2. **Identify all neighboring nodes of node 15:**
   - From the adjacency list, node 15 is connected to nodes 12, 14, and 27.
   - Therefore, the neighbors of node 15 are: 12, 14, 27.

3. **Determine which nodes appear in both neighbor lists:**
   - Compare the neighbors of node 14 (12, 15, 27) with the neighbors of node 15 (12, 14, 27).
   - The common neighbors are: 12 and 27.

4. **Count the number of common neighbors:**
   - The common neighbors are 12 and 27, which makes a total of 2 common neighbors.

Therefore, the common neighbors of nodes 14 and 15 are 12 and 27, and the number of common neighbors is 2.

Final answer:
'Neighbours: 12, 27, Number: 2'","{'neighbours': ['12', '27'], 'number': 2}","{'neighbours': ['27', '12'], 'number': 2}",1,5.017238855,468,286,754
graph_30911,"{'start_node': '14', 'end_node': '15'}",few_shots,standard,"Neighbours: [12, 27], Number: 2","{'neighbours': ['12', '27'], 'number': 2}","{'neighbours': ['27', '12'], 'number': 2}",1,0.5450062752,878,13,891
graph_30911,"{'start_node': '14', 'end_node': '15'}",few_shots,cot,"To solve the problem, we need to find the common neighbors of nodes 14 and 15 in the given graph. Let's go through the steps:

1. **Identify all neighboring nodes of node 14:**
   - From the adjacency list, node 14 has the following neighbors: 12, 15, 27.

2. **Identify all neighboring nodes of node 15:**
   - From the adjacency list, node 15 has the following neighbors: 12, 14, 27.

3. **Determine which nodes appear in both neighbor lists:**
   - The common neighbors of nodes 14 and 15 are the nodes that appear in both lists. Comparing the lists:
     - Node 12 is a common neighbor.
     - Node 27 is a common neighbor.

4. **Count the number of common neighbors:**
   - There are 2 common neighbors: nodes 12 and 27.

Therefore, the solution is:

Neighbours: [12, 27], Number: 2","{'neighbours': ['12', '27'], 'number': 2}","{'neighbours': ['27', '12'], 'number': 2}",1,4.367578745,1084,208,1292
graph_30911,"{'start_node': '29', 'end_node': '7'}",zero_shot,standard,"Neighbours: 26, Number: 1","{'neighbours': ['26'], 'number': 1}","{'neighbours': ['5'], 'number': 1}",0,0.6181688309,420,10,430
graph_30911,"{'start_node': '29', 'end_node': '7'}",zero_shot,cot,"To solve the problem, we need to find the common neighbors of nodes 29 and 7 in the given graph. Let's go through the steps:

1. **Identify all neighboring nodes of node 29:**
   - From the adjacency list, node 29 is connected to nodes 2, 5, and 26.
   - Therefore, the neighbors of node 29 are: 2, 5, 26.

2. **Identify all neighboring nodes of node 7:**
   - From the adjacency list, node 7 is connected to nodes 5, 24, and 25.
   - Therefore, the neighbors of node 7 are: 5, 24, 25.

3. **Determine which nodes appear in both neighbor lists:**
   - Compare the neighbors of node 29 (2, 5, 26) with the neighbors of node 7 (5, 24, 25).
   - The common node between these two lists is: 5.

4. **Count the number of common neighbors:**
   - There is 1 common neighbor, which is node 5.

After verifying the connections for both nodes, we can conclude that the common neighbor is node 5, and there is only one such common neighbor.

Final answer:
'Neighbours: 5, Number: 1'","{'neighbours': ['5'], 'number': 1}","{'neighbours': ['5'], 'number': 1}",1,5.431625128,468,277,745
graph_30911,"{'start_node': '29', 'end_node': '7'}",few_shots,standard,"Neighbours: [5], Number: 1","{'neighbours': ['5'], 'number': 1}","{'neighbours': ['5'], 'number': 1}",1,0.5552392006,878,10,888
graph_30911,"{'start_node': '29', 'end_node': '7'}",few_shots,cot,"To solve the problem, we need to find the common neighbors of nodes 29 and 7 in the given graph. Let's go through the steps:

1. **Identify all neighboring nodes of node 29:**
   - From the adjacency list, node 29 is connected to nodes 2, 5, and 26.
   - Neighbors of node 29: [2, 5, 26]

2. **Identify all neighboring nodes of node 7:**
   - From the adjacency list, node 7 is connected to nodes 5, 24, and 25.
   - Neighbors of node 7: [5, 24, 25]

3. **Determine the common neighbors:**
   - Compare the neighbor lists of nodes 29 and 7: [2, 5, 26] and [5, 24, 25].
   - The common neighbor is node 5.

4. **Count the number of common neighbors:**
   - There is 1 common neighbor.

Therefore, the solution is:
Neighbours: [5], Number: 1","{'neighbours': ['5'], 'number': 1}","{'neighbours': ['5'], 'number': 1}",1,4.867904902,1084,228,1312
graph_34,"{'start_node': '1', 'end_node': '9'}",zero_shot,standard,"Neighbours: [10], Number: 1","{'neighbours': ['10'], 'number': 1}","{'neighbours': ['10'], 'number': 1}",1,0.615490675,216,10,226
graph_34,"{'start_node': '1', 'end_node': '9'}",zero_shot,cot,"To solve the problem, we need to find the common neighbors of nodes 1 and 9 in the given graph. Let's go through the steps:

1. **Identify all neighboring nodes of node 1:**
   - From the adjacency list, node 1 is connected to node 10.
   - Therefore, the neighbors of node 1 are: [10].

2. **Identify all neighboring nodes of node 9:**
   - From the adjacency list, node 9 is also connected to node 10.
   - Therefore, the neighbors of node 9 are: [10].

3. **Determine which nodes appear in both neighbor lists:**
   - Compare the neighbor lists of nodes 1 and 9: [10] and [10].
   - The common neighbor is node 10.

4. **Count the number of common neighbors:**
   - There is 1 common neighbor, which is node 10.

After verifying the connections for both nodes, we can conclude that the common neighbor is node 10, and there is only one such common neighbor.

Final answer:
'Neighbours: 10, Number: 1'","{'neighbours': ['10'], 'number': 1}","{'neighbours': ['10'], 'number': 1}",1,12.33620095,264,235,499
graph_34,"{'start_node': '1', 'end_node': '9'}",few_shots,standard,"Neighbours: [10], Number: 1","{'neighbours': ['10'], 'number': 1}","{'neighbours': ['10'], 'number': 1}",1,0.8692150116,674,10,684
graph_34,"{'start_node': '1', 'end_node': '9'}",few_shots,cot,"To solve the problem, we need to find the common neighbors of nodes 1 and 9 in the given graph. Let's go through the steps:

1. **Identify all neighboring nodes of node 1:**
   - From the adjacency list, node 1 has the following neighbors: 10.

2. **Identify all neighboring nodes of node 9:**
   - From the adjacency list, node 9 has the following neighbors: 10.

3. **Determine which nodes appear in both neighbor lists:**
   - The neighbors of node 1 are [10].
   - The neighbors of node 9 are [10].
   - The common neighbor between node 1 and node 9 is node 10.

4. **Count the number of common neighbors:**
   - There is 1 common neighbor, which is node 10.

After verifying the connections for both nodes, we can conclude that the common neighbor is node 10, and there is only one common neighbor.

Final answer: Neighbours: [10], Number: 1","{'neighbours': ['10'], 'number': 1}","{'neighbours': ['10'], 'number': 1}",1,3.787044048,880,215,1095
graph_34,"{'start_node': '1', 'end_node': '3'}",zero_shot,standard,"Neighbours: [10], Number: 1","{'neighbours': ['10'], 'number': 1}","{'neighbours': ['10'], 'number': 1}",1,0.5955271721,216,10,226
graph_34,"{'start_node': '1', 'end_node': '3'}",zero_shot,cot,"To solve the problem of finding the common neighbours of nodes 1 and 3, we will follow the outlined steps:

1. **Identify all neighboring nodes of node 1:**
   - From the adjacency list, node 1 is connected to node 10.
   - Therefore, the neighbours of node 1 are: [10].

2. **Identify all neighboring nodes of node 3:**
   - From the adjacency list, node 3 is also connected to node 10.
   - Therefore, the neighbours of node 3 are: [10].

3. **Determine which nodes appear in both neighbor lists:**
   - Compare the neighbour lists of nodes 1 and 3: [10] and [10].
   - The common neighbour is node 10.

4. **Count the number of common neighbors:**
   - There is 1 common neighbour, which is node 10.

After verifying the connections for both nodes, we can conclude that the common neighbour is node 10, and there is only one such common neighbour.

Final answer:
Neighbours: [10], Number: 1","{'neighbours': ['10'], 'number': 1}","{'neighbours': ['10'], 'number': 1}",1,4.11899066,264,227,491
graph_34,"{'start_node': '1', 'end_node': '3'}",few_shots,standard,"Neighbours: [10], Number: 1","{'neighbours': ['10'], 'number': 1}","{'neighbours': ['10'], 'number': 1}",1,0.6907150745,674,10,684
graph_34,"{'start_node': '1', 'end_node': '3'}",few_shots,cot,"To solve the problem, we need to find the common neighbors of nodes 1 and 3 in the given graph. Let's follow the steps outlined:

1. **Identifying all neighboring nodes of node 1:**
   - From the adjacency list, node 1 has the following neighbors: 10.

2. **Identifying all neighboring nodes of node 3:**
   - From the adjacency list, node 3 has the following neighbors: 10.

3. **Determining which nodes appear in both neighbor lists:**
   - The neighbors of node 1 are [10].
   - The neighbors of node 3 are [10].
   - The common neighbor between node 1 and node 3 is node 10.

4. **Counting the number of common neighbors:**
   - There is 1 common neighbor, which is node 10.

Therefore, the solution is:

Neighbours: [10], Number: 1","{'neighbours': ['10'], 'number': 1}","{'neighbours': ['10'], 'number': 1}",1,3.299041986,880,192,1072
graph_35485,"{'start_node': '17', 'end_node': '4'}",zero_shot,standard,"Neighbours: 18, Number: 1","{'neighbours': ['18'], 'number': 1}","{'neighbours': ['18'], 'number': 1}",1,0.6840851307,293,10,303
graph_35485,"{'start_node': '17', 'end_node': '4'}",zero_shot,cot,"To solve the problem, we need to find the common neighbors of nodes 17 and 4 in the given graph. Let's go through the steps:

1. **Identify all neighboring nodes of node 17:**
   - From the adjacency list, node 17 is connected to nodes: 18, 19, 20, and 21.

2. **Identify all neighboring nodes of node 4:**
   - From the adjacency list, node 4 is connected to node: 18.

3. **Determine which nodes appear in both neighbor lists:**
   - The neighbors of node 17 are: 18, 19, 20, 21.
   - The neighbors of node 4 are: 18.
   - The common neighbor between nodes 17 and 4 is: 18.

4. **Count the number of common neighbors:**
   - There is 1 common neighbor.

Therefore, the common neighbors of nodes 17 and 4 are node 18, and the number of common neighbors is 1.

Final answer:
'Neighbours: 18, Number: 1'","{'neighbours': ['18'], 'number': 1}","{'neighbours': ['18'], 'number': 1}",1,4.327734947,341,229,570
graph_35485,"{'start_node': '17', 'end_node': '4'}",few_shots,standard,"Neighbours: [18], Number: 1","{'neighbours': ['18'], 'number': 1}","{'neighbours': ['18'], 'number': 1}",1,0.5592980385,751,10,761
graph_35485,"{'start_node': '17', 'end_node': '4'}",few_shots,cot,"To solve the problem, we need to find the common neighbors of nodes 17 and 4 in the given graph. Let's go through the steps:

1. **Identify all neighboring nodes of node 17:**
   - From the adjacency list, node 17 is connected to nodes: 18, 19, 20, and 21.

2. **Identify all neighboring nodes of node 4:**
   - From the adjacency list, node 4 is connected to node: 18.

3. **Determine which nodes appear in both neighbor lists:**
   - The neighbors of node 17 are: 18, 19, 20, 21.
   - The neighbor of node 4 is: 18.
   - The common neighbor between nodes 17 and 4 is: 18.

4. **Count the number of common neighbors:**
   - There is 1 common neighbor.

Therefore, the solution is:

Neighbours: [18], Number: 1","{'neighbours': ['18'], 'number': 1}","{'neighbours': ['18'], 'number': 1}",1,4.248057127,957,203,1160
graph_35485,"{'start_node': '2', 'end_node': '3'}",zero_shot,standard,"Neighbours: 18, Number: 1","{'neighbours': ['18'], 'number': 1}","{'neighbours': ['18'], 'number': 1}",1,0.6149718761,293,10,303
graph_35485,"{'start_node': '2', 'end_node': '3'}",zero_shot,cot,"To find the common neighbours of nodes 2 and 3, we will follow these steps:

1. **Identify all neighboring nodes of node 2:**
   - From the adjacency list, node 2 is connected to node 18.
   - Therefore, the neighbours of node 2 are: [18].

2. **Identify all neighboring nodes of node 3:**
   - From the adjacency list, node 3 is also connected to node 18.
   - Therefore, the neighbours of node 3 are: [18].

3. **Determine which nodes appear in both neighbor lists:**
   - Both node 2 and node 3 have the same neighbour, which is node 18.
   - Therefore, the common neighbours are: [18].

4. **Count the number of common neighbors:**
   - There is 1 common neighbour.

After verifying the connections for both nodes, the final answer is:

'Neighbours: 18, Number: 1'","{'neighbours': ['18'], 'number': 1}","{'neighbours': ['18'], 'number': 1}",1,4.299347878,341,201,542
graph_35485,"{'start_node': '2', 'end_node': '3'}",few_shots,standard,"Neighbours: [18], Number: 1","{'neighbours': ['18'], 'number': 1}","{'neighbours': ['18'], 'number': 1}",1,0.6790924072,751,10,761
graph_35485,"{'start_node': '2', 'end_node': '3'}",few_shots,cot,"To solve the problem, we need to find the common neighbors of nodes 2 and 3 in the given graph. Let's go through the steps:

1. **Identify all neighboring nodes of node 2:**
   - From the adjacency list, node 2 has the following neighbors: 18.

2. **Identify all neighboring nodes of node 3:**
   - From the adjacency list, node 3 has the following neighbors: 18.

3. **Determine which nodes appear in both neighbor lists:**
   - The common neighbor between nodes 2 and 3 is node 18.

4. **Count the number of common neighbors:**
   - There is 1 common neighbor.

Therefore, the solution is:

Neighbours: [18], Number: 1","{'neighbours': ['18'], 'number': 1}","{'neighbours': ['18'], 'number': 1}",1,3.420233965,957,158,1115
graph_35733,"{'start_node': '1', 'end_node': '5'}",zero_shot,standard,"Neighbours: 6, Number: 1","{'neighbours': ['6'], 'number': 1}","{'neighbours': ['3', '6'], 'number': 2}",0.5,0.5981900692,215,10,225
graph_35733,"{'start_node': '1', 'end_node': '5'}",zero_shot,cot,"To solve the problem of finding the common neighbours of nodes 1 and 5, we will follow the outlined steps:

1. **Identify all neighboring nodes of node 1:**
   - From the adjacency list, node 1 is connected to nodes 3 and 6.
   - Therefore, the neighbours of node 1 are: {3, 6}.

2. **Identify all neighboring nodes of node 5:**
   - From the adjacency list, node 5 is connected to nodes 3, 4, 6, and 7.
   - Therefore, the neighbours of node 5 are: {3, 4, 6, 7}.

3. **Determine which nodes appear in both neighbor lists:**
   - The neighbours of node 1 are {3, 6}.
   - The neighbours of node 5 are {3, 4, 6, 7}.
   - The common neighbours are the intersection of these two sets: {3, 6}.

4. **Count the number of common neighbors:**
   - The common neighbours are {3, 6}, which means there are 2 common neighbours.

After verifying the connections for both nodes, we can conclude:

Neighbours: 3, 6, Number: 2","{'neighbours': ['3', '6'], 'number': 2}","{'neighbours': ['3', '6'], 'number': 2}",1,5.333044291,263,267,530
graph_35733,"{'start_node': '1', 'end_node': '5'}",few_shots,standard,"Neighbours: [3, 6], Number: 2","{'neighbours': ['3', '6'], 'number': 2}","{'neighbours': ['3', '6'], 'number': 2}",1,0.6134290695,673,13,686
graph_35733,"{'start_node': '1', 'end_node': '5'}",few_shots,cot,"To solve the problem, we need to find the common neighbors of nodes 1 and 5 in the given graph. Let's go through the steps:

1. **Identify all neighboring nodes of node 1:**
   - From the adjacency list, node 1 is connected to nodes 3 and 6.
   - Neighbors of node 1: [3, 6]

2. **Identify all neighboring nodes of node 5:**
   - From the adjacency list, node 5 is connected to nodes 3, 4, 6, and 7.
   - Neighbors of node 5: [3, 4, 6, 7]

3. **Determine which nodes appear in both neighbor lists:**
   - Compare the lists [3, 6] and [3, 4, 6, 7].
   - The common neighbors are nodes 3 and 6.

4. **Count the number of common neighbors:**
   - There are 2 common neighbors: 3 and 6.

After verifying the connections for both nodes, the common neighbors are correctly identified.

Final answer: Neighbours: [3, 6], Number: 2","{'neighbours': ['3', '6'], 'number': 2}","{'neighbours': ['3', '6'], 'number': 2}",1,5.067479134,879,247,1126
graph_35733,"{'start_node': '1', 'end_node': '4'}",zero_shot,standard,"Neighbours: 6, Number: 1","{'neighbours': ['6'], 'number': 1}","{'neighbours': ['6'], 'number': 1}",1,0.5080337524,215,10,225
graph_35733,"{'start_node': '1', 'end_node': '4'}",zero_shot,cot,"To solve the problem of finding the common neighbours of nodes 1 and 4, we will follow the outlined steps:

1. **Identify all neighboring nodes of node 1:**
   - From the adjacency list, node 1 is connected to nodes 3 and 6.
   - Therefore, the neighbours of node 1 are: {3, 6}.

2. **Identify all neighboring nodes of node 4:**
   - From the adjacency list, node 4 is connected to nodes 2, 5, and 6.
   - Therefore, the neighbours of node 4 are: {2, 5, 6}.

3. **Determine which nodes appear in both neighbor lists:**
   - We need to find the intersection of the sets of neighbours for nodes 1 and 4.
   - Neighbours of node 1: {3, 6}
   - Neighbours of node 4: {2, 5, 6}
   - The common neighbours are the intersection of these two sets: {6}.

4. **Count the number of common neighbors:**
   - The set of common neighbours is {6}, which contains 1 node.

Therefore, the common neighbours of nodes 1 and 4 are node 6, and the number of common neighbours is 1.

Final answer:
'Neighbours: 6, Number: 1'","{'neighbours': ['6'], 'number': 1}","{'neighbours': ['6'], 'number': 1}",1,6.203727245,263,289,552
graph_35733,"{'start_node': '1', 'end_node': '4'}",few_shots,standard,"Neighbours: [6], Number: 1","{'neighbours': ['6'], 'number': 1}","{'neighbours': ['6'], 'number': 1}",1,2.449585915,673,10,683
graph_35733,"{'start_node': '1', 'end_node': '4'}",few_shots,cot,"To solve the problem, we need to find the common neighbors of nodes 1 and 4 in the given graph. Let's go through the steps:

1. **Identify all neighboring nodes of node 1:**
   - From the adjacency list, node 1 is connected to nodes 3 and 6.
   - Neighbors of node 1: [3, 6]

2. **Identify all neighboring nodes of node 4:**
   - From the adjacency list, node 4 is connected to nodes 2, 5, and 6.
   - Neighbors of node 4: [2, 5, 6]

3. **Determine which nodes appear in both neighbor lists:**
   - Compare the lists [3, 6] and [2, 5, 6].
   - The common node is 6.

4. **Count the number of common neighbors:**
   - There is 1 common neighbor.

After verifying the connections for both nodes, the common neighbor is node 6.

Final answer:
Neighbours: [6], Number: 1","{'neighbours': ['6'], 'number': 1}","{'neighbours': ['6'], 'number': 1}",1,4.848466873,879,225,1104
graph_36310,"{'start_node': '2', 'end_node': '4'}",zero_shot,standard,"Neighbours: 19, Number: 1","{'neighbours': ['19'], 'number': 1}","{'neighbours': ['19', '1'], 'number': 2}",0.5,0.663585186,330,10,340
graph_36310,"{'start_node': '2', 'end_node': '4'}",zero_shot,cot,"To solve the problem of finding the common neighbors of nodes 2 and 4, we will follow the outlined steps:

1. **Identify all neighboring nodes of node 2:**
   - From the adjacency list, node 2 is connected to nodes 1, 19, and 20.
   - Therefore, the neighbors of node 2 are: {1, 19, 20}.

2. **Identify all neighboring nodes of node 4:**
   - From the adjacency list, node 4 is connected to nodes 1, 17, and 19.
   - Therefore, the neighbors of node 4 are: {1, 17, 19}.

3. **Determine which nodes appear in both neighbor lists:**
   - Compare the neighbors of node 2: {1, 19, 20} with the neighbors of node 4: {1, 17, 19}.
   - The common neighbors are the nodes that appear in both sets: {1, 19}.

4. **Count the number of common neighbors:**
   - The common neighbors are nodes 1 and 19.
   - Therefore, the number of common neighbors is 2.

After verifying the connections for both nodes, the final answer is:

'Neighbours: 1, 19, Number: 2'","{'neighbours': ['1', '19'], 'number': 2}","{'neighbours': ['19', '1'], 'number': 2}",1,5.737324715,378,277,655
graph_36310,"{'start_node': '2', 'end_node': '4'}",few_shots,standard,"Neighbours: [19], Number: 1","{'neighbours': ['19'], 'number': 1}","{'neighbours': ['19', '1'], 'number': 2}",0.5,0.6070320606,788,10,798
graph_36310,"{'start_node': '2', 'end_node': '4'}",few_shots,cot,"To solve the problem, we need to find the common neighbors of nodes 2 and 4 in the given graph. Let's go through the steps:

1. **Identify all neighboring nodes of node 2:**
   - From the adjacency list, node 2 is connected to nodes: 1, 19, and 20.
   - Neighbors of node 2: [1, 19, 20]

2. **Identify all neighboring nodes of node 4:**
   - From the adjacency list, node 4 is connected to nodes: 1, 17, and 19.
   - Neighbors of node 4: [1, 17, 19]

3. **Determine the common neighbors:**
   - Compare the neighbor lists of nodes 2 and 4: [1, 19, 20] and [1, 17, 19].
   - The common neighbors are nodes that appear in both lists: 1 and 19.

4. **Count the number of common neighbors:**
   - The common neighbors are nodes 1 and 19.
   - Number of common neighbors: 2

Therefore, the solution is:

Neighbours: [1, 19], Number: 2","{'neighbours': ['1', '19'], 'number': 2}","{'neighbours': ['19', '1'], 'number': 2}",1,5.096515179,994,256,1250
graph_36310,"{'start_node': '1', 'end_node': '20'}",zero_shot,standard,"Neighbours: 2 3, Number: 2","{'neighbours': ['2', '3'], 'number': 2}","{'neighbours': ['2', '3'], 'number': 2}",1,0.5153048038,330,12,342
graph_36310,"{'start_node': '1', 'end_node': '20'}",zero_shot,cot,"To solve the problem, we need to find the common neighbors of nodes 1 and 20 in the given graph. Let's go through the steps:

1. **Identify all neighboring nodes of node 1:**
   - From the adjacency list, node 1 is connected to nodes 2, 3, and 4.
   - Therefore, the neighbors of node 1 are: [2, 3, 4].

2. **Identify all neighboring nodes of node 20:**
   - From the adjacency list, node 20 is connected to nodes 2, 3, and 13.
   - Therefore, the neighbors of node 20 are: [2, 3, 13].

3. **Determine which nodes appear in both neighbor lists:**
   - Compare the neighbors of node 1 [2, 3, 4] with the neighbors of node 20 [2, 3, 13].
   - The common neighbors are nodes 2 and 3.

4. **Count the number of common neighbors:**
   - The common neighbors are [2, 3].
   - The number of common neighbors is 2.

After verifying the connections for both nodes, we can conclude:

Neighbours: [2, 3], Number: 2","{'neighbours': ['2', '3'], 'number': 2}","{'neighbours': ['2', '3'], 'number': 2}",1,6.242133141,378,265,643
graph_36310,"{'start_node': '1', 'end_node': '20'}",few_shots,standard,"Neighbours: [2, 3], Number: 2","{'neighbours': ['2', '3'], 'number': 2}","{'neighbours': ['2', '3'], 'number': 2}",1,0.6376159191,788,13,801
graph_36310,"{'start_node': '1', 'end_node': '20'}",few_shots,cot,"To solve the problem, we need to find the common neighbors of nodes 1 and 20 in the given graph. Let's go through the steps:

1. **Identify all neighboring nodes of node 1:**
   - From the adjacency list, node 1 is connected to nodes 2, 3, and 4.
   - Neighbors of node 1: [2, 3, 4]

2. **Identify all neighboring nodes of node 20:**
   - From the adjacency list, node 20 is connected to nodes 2, 3, and 13.
   - Neighbors of node 20: [2, 3, 13]

3. **Determine the common neighbors:**
   - Compare the neighbor lists of nodes 1 and 20 to find common nodes.
   - Common neighbors: [2, 3]

4. **Count the number of common neighbors:**
   - There are 2 common neighbors: nodes 2 and 3.

After verifying the connections, the final answer is:

Neighbours: [2, 3], Number: 2","{'neighbours': ['2', '3'], 'number': 2}","{'neighbours': ['2', '3'], 'number': 2}",1,4.776510954,994,228,1222
graph_50979,"{'start_node': '20', 'end_node': '44'}",zero_shot,standard,"Neighbours: 43, Number: 1","{'neighbours': ['43'], 'number': 1}","{'neighbours': ['14'], 'number': 1}",0,0.6154618263,620,10,630
graph_50979,"{'start_node': '20', 'end_node': '44'}",zero_shot,cot,"To solve the problem, we need to find the common neighbors of nodes 20 and 44 in the given graph. Let's go through the steps:

1. **Identify all neighboring nodes of node 20:**
   - From the adjacency list, node 20 is connected to nodes 14, 21, and 43.
   - Neighbors of node 20: [14, 21, 43]

2. **Identify all neighboring nodes of node 44:**
   - From the adjacency list, node 44 is connected to nodes 13, 14, and 49.
   - Neighbors of node 44: [13, 14, 49]

3. **Determine which nodes appear in both neighbor lists:**
   - Compare the neighbors of node 20 [14, 21, 43] with the neighbors of node 44 [13, 14, 49].
   - The common node is 14.

4. **Count the number of common neighbors:**
   - There is 1 common neighbor.

Therefore, the common neighbors of nodes 20 and 44 are [14], and the number of common neighbors is 1.

Final answer:
'Neighbours: 14, Number: 1'","{'neighbours': ['14'], 'number': 1}","{'neighbours': ['14'], 'number': 1}",1,6.034136057,668,257,925
graph_50979,"{'start_node': '20', 'end_node': '44'}",few_shots,standard,"Neighbours: [14], Number: 1","{'neighbours': ['14'], 'number': 1}","{'neighbours': ['14'], 'number': 1}",1,0.5169732571,1078,10,1088
graph_50979,"{'start_node': '20', 'end_node': '44'}",few_shots,cot,"To solve the problem, we need to find the common neighbors of nodes 20 and 44 in the given graph. Let's go through the steps:

1. **Identify all neighboring nodes of node 20:**
   - From the adjacency list, node 20 is connected to nodes: 14, 21, and 43.

2. **Identify all neighboring nodes of node 44:**
   - From the adjacency list, node 44 is connected to nodes: 13, 14, and 49.

3. **Determine the common neighbors:**
   - Compare the neighbors of node 20 (14, 21, 43) with the neighbors of node 44 (13, 14, 49).
   - The common neighbor is node 14.

4. **Count the number of common neighbors:**
   - There is 1 common neighbor.

Therefore, the solution is:

Neighbours: [14], Number: 1","{'neighbours': ['14'], 'number': 1}","{'neighbours': ['14'], 'number': 1}",1,9.083076239,1284,195,1479
graph_50979,"{'start_node': '29', 'end_node': '4'}",zero_shot,standard,"Neighbours: 28, Number: 1","{'neighbours': ['28'], 'number': 1}","{'neighbours': ['28'], 'number': 1}",1,0.615090847,620,10,630
graph_50979,"{'start_node': '29', 'end_node': '4'}",zero_shot,cot,"To solve the problem, we need to find the common neighbors of nodes 29 and 4 in the given graph. Let's go through the steps:

1. **Identify all neighboring nodes of node 29:**
   - From the adjacency list, node 29 is connected to nodes 2, 28, and 41.
   - Therefore, the neighbors of node 29 are: {2, 28, 41}.

2. **Identify all neighboring nodes of node 4:**
   - From the adjacency list, node 4 is connected to nodes 3, 28, and 37.
   - Therefore, the neighbors of node 4 are: {3, 28, 37}.

3. **Determine which nodes appear in both neighbor lists:**
   - The common neighbor between the sets {2, 28, 41} and {3, 28, 37} is node 28.

4. **Count the number of common neighbors:**
   - There is 1 common neighbor, which is node 28.

Therefore, the common neighbors of nodes 29 and 4 are: 

'Neighbours: 28, Number: 1'","{'neighbours': ['28'], 'number': 1}","{'neighbours': ['28'], 'number': 1}",1,6.337930918,668,246,914
graph_50979,"{'start_node': '29', 'end_node': '4'}",few_shots,standard,"Neighbours: [28], Number: 1","{'neighbours': ['28'], 'number': 1}","{'neighbours': ['28'], 'number': 1}",1,0.7553699017,1078,10,1088
graph_50979,"{'start_node': '29', 'end_node': '4'}",few_shots,cot,"To solve the problem, we need to find the common neighbors of nodes 29 and 4 in the given graph. Let's go through the steps:

1. **Identify all neighboring nodes of node 29:**
   - From the adjacency list, node 29 is connected to nodes 2, 28, and 41.
   - Neighbors of node 29: [2, 28, 41]

2. **Identify all neighboring nodes of node 4:**
   - From the adjacency list, node 4 is connected to nodes 3, 28, and 37.
   - Neighbors of node 4: [3, 28, 37]

3. **Determine the common neighbors:**
   - Compare the lists of neighbors for nodes 29 and 4.
   - Common neighbors are those that appear in both lists.
   - The common neighbor is node 28.

4. **Count the number of common neighbors:**
   - There is 1 common neighbor.

Therefore, the solution is:

Neighbours: [28], Number: 1","{'neighbours': ['28'], 'number': 1}","{'neighbours': ['28'], 'number': 1}",1,6.107635021,1284,222,1506
graph_51016,"{'start_node': '10', 'end_node': '2'}",zero_shot,standard,"Neighbours: 11, 12, Number: 2","{'neighbours': ['11', '12'], 'number': 2}","{'neighbours': ['11'], 'number': 1}",0.5,3.206308842,294,13,307
graph_51016,"{'start_node': '10', 'end_node': '2'}",zero_shot,cot,"To solve the problem of finding the common neighbours of nodes 10 and 2, we will follow the outlined steps:

1. **Identify all neighboring nodes of node 10:**
   - From the adjacency list, node 10 is connected to nodes 5, 11, and 12.
   - Therefore, the neighbours of node 10 are: 5, 11, 12.

2. **Identify all neighboring nodes of node 2:**
   - From the adjacency list, node 2 is connected to nodes 1, 11, and 15.
   - Therefore, the neighbours of node 2 are: 1, 11, 15.

3. **Determine which nodes appear in both neighbor lists:**
   - Compare the neighbours of node 10 (5, 11, 12) with the neighbours of node 2 (1, 11, 15).
   - The common node in both lists is: 11.

4. **Count the number of common neighbors:**
   - There is 1 common neighbour, which is node 11.

After verifying the connections for both nodes, the common neighbour is correctly identified as node 11.

Final answer:
'Neighbours: 11, Number: 1'","{'neighbours': ['11'], 'number': 1}","{'neighbours': ['11'], 'number': 1}",1,6.007903814,342,260,602
graph_51016,"{'start_node': '10', 'end_node': '2'}",few_shots,standard,"Neighbours: [11, 12], Number: 2","{'neighbours': ['11', '12'], 'number': 2}","{'neighbours': ['11'], 'number': 1}",0.5,0.7163732052,752,13,765
graph_51016,"{'start_node': '10', 'end_node': '2'}",few_shots,cot,"To solve the problem, we need to find the common neighbors of nodes 10 and 2 in the given graph. Let's go through the steps:

1. **Identify all neighboring nodes of node 10:**
   - From the adjacency list, node 10 is connected to nodes 5, 11, and 12.
   - Therefore, the neighbors of node 10 are: 5, 11, 12.

2. **Identify all neighboring nodes of node 2:**
   - From the adjacency list, node 2 is connected to nodes 1, 11, and 15.
   - Therefore, the neighbors of node 2 are: 1, 11, 15.

3. **Determine the common neighbors of nodes 10 and 2:**
   - Compare the neighbor lists of nodes 10 and 2: 
     - Neighbors of node 10: 5, 11, 12
     - Neighbors of node 2: 1, 11, 15
   - The common neighbor is node 11.

4. **Count the number of common neighbors:**
   - There is 1 common neighbor, which is node 11.

After verifying the connections, the common neighbor is correctly identified. Therefore, the final answer is:

Neighbours: [11], Number: 1","{'neighbours': ['11'], 'number': 1}","{'neighbours': ['11'], 'number': 1}",1,6.451442003,958,278,1236
graph_51016,"{'start_node': '2', 'end_node': '4'}",zero_shot,standard,"Neighbours: 1, Number: 1","{'neighbours': ['1'], 'number': 1}","{'neighbours': ['1'], 'number': 1}",1,0.511603117,294,10,304
graph_51016,"{'start_node': '2', 'end_node': '4'}",zero_shot,cot,"To solve the problem of finding the common neighbours of nodes 2 and 4, we will follow the outlined steps:

1. **Identify all neighboring nodes of node 2:**
   - From the adjacency list, node 2 is connected to nodes 1, 11, and 15.
   - Therefore, the neighbours of node 2 are: 1, 11, 15.

2. **Identify all neighboring nodes of node 4:**
   - From the adjacency list, node 4 is connected to nodes 1, 13, and 14.
   - Therefore, the neighbours of node 4 are: 1, 13, 14.

3. **Determine which nodes appear in both neighbor lists:**
   - Compare the neighbours of node 2 (1, 11, 15) with the neighbours of node 4 (1, 13, 14).
   - The common node between these two lists is: 1.

4. **Count the number of common neighbors:**
   - There is 1 common neighbour.

After verifying the connections for both nodes, the common neighbour is correctly identified as node 1.

Final answer:
'Neighbours: 1, Number: 1'","{'neighbours': ['1'], 'number': 1}","{'neighbours': ['1'], 'number': 1}",1,5.426597118,342,255,597
graph_51016,"{'start_node': '2', 'end_node': '4'}",few_shots,standard,"Neighbours: [1], Number: 1","{'neighbours': ['1'], 'number': 1}","{'neighbours': ['1'], 'number': 1}",1,0.6128399372,752,10,762
graph_51016,"{'start_node': '2', 'end_node': '4'}",few_shots,cot,"To solve the problem, we need to find the common neighbors of nodes 2 and 4 in the given graph. Let's go through the steps:

1. **Identify all neighboring nodes of node 2:**
   - From the adjacency list, node 2 is connected to nodes 1, 11, and 15.
   - Neighbors of node 2: [1, 11, 15]

2. **Identify all neighboring nodes of node 4:**
   - From the adjacency list, node 4 is connected to nodes 1, 13, and 14.
   - Neighbors of node 4: [1, 13, 14]

3. **Determine the common neighbors:**
   - Compare the neighbor lists of nodes 2 and 4: [1, 11, 15] and [1, 13, 14].
   - The common neighbor is node 1.

4. **Count the number of common neighbors:**
   - There is 1 common neighbor.

Therefore, the solution is:

Neighbours: [1], Number: 1","{'neighbours': ['1'], 'number': 1}","{'neighbours': ['1'], 'number': 1}",1,4.914999008,958,228,1186
graph_51085,"{'start_node': '29', 'end_node': '8'}",zero_shot,standard,"Neighbours: 5, 6, 28, Number: 3","{'neighbours': ['5', '6', '28'], 'number': 3}","{'neighbours': ['28', '5'], 'number': 2}",0.667,0.8796589375,424,16,440
graph_51085,"{'start_node': '29', 'end_node': '8'}",zero_shot,cot,"To solve the problem, we need to find the common neighbors of nodes 29 and 8 in the given graph. Let's go through the steps:

1. **Identify all neighboring nodes of node 29:**
   - From the adjacency list, node 29 is connected to nodes: 5, 6, 25, and 28.

2. **Identify all neighboring nodes of node 8:**
   - From the adjacency list, node 8 is connected to nodes: 5, 26, and 28.

3. **Determine which nodes appear in both neighbor lists:**
   - Compare the neighbors of node 29 (5, 6, 25, 28) with the neighbors of node 8 (5, 26, 28).
   - The common neighbors are nodes 5 and 28.

4. **Count the number of common neighbors:**
   - There are 2 common neighbors: 5 and 28.

Now, let's format the final answer:

'Neighbours: 5, 28, Number: 2'","{'neighbours': ['5', '28'], 'number': 2}","{'neighbours': ['28', '5'], 'number': 2}",1,6.311436653,472,221,693
graph_51085,"{'start_node': '29', 'end_node': '8'}",few_shots,standard,"Neighbours: [5, 6, 28], Number: 3","{'neighbours': ['5', '6', '28'], 'number': 3}","{'neighbours': ['28', '5'], 'number': 2}",0.667,0.8726699352,882,16,898
graph_51085,"{'start_node': '29', 'end_node': '8'}",few_shots,cot,"To solve the problem, we need to find the common neighbors of nodes 29 and 8 in the given graph. Let's go through the steps:

1. **Identify all neighboring nodes of node 29:**
   - From the adjacency list, node 29 has the following neighbors: 5, 6, 25, 28.

2. **Identify all neighboring nodes of node 8:**
   - From the adjacency list, node 8 has the following neighbors: 5, 26, 28.

3. **Determine which nodes appear in both neighbor lists:**
   - Compare the neighbors of node 29 (5, 6, 25, 28) with the neighbors of node 8 (5, 26, 28).
   - The common neighbors are nodes 5 and 28.

4. **Count the number of common neighbors:**
   - There are 2 common neighbors: 5 and 28.

Therefore, the solution is:

Neighbours: [5, 28], Number: 2","{'neighbours': ['5', '28'], 'number': 2}","{'neighbours': ['28', '5'], 'number': 2}",1,5.70931983,1088,215,1303
graph_51085,"{'start_node': '1', 'end_node': '14'}",zero_shot,standard,"Neighbours: 17, Number: 1","{'neighbours': ['17'], 'number': 1}","{'neighbours': ['17'], 'number': 1}",1,0.6143710613,424,10,434
graph_51085,"{'start_node': '1', 'end_node': '14'}",zero_shot,cot,"To solve the problem, we need to find the common neighbors of nodes 1 and 14 in the given graph. Let's go through the steps:

1. **Identify all neighboring nodes of node 1:**
   - From the adjacency list, node 1 is connected to nodes 17 and 24.
   - Neighbors of node 1: [17, 24]

2. **Identify all neighboring nodes of node 14:**
   - From the adjacency list, node 14 is connected to nodes 9, 17, and 27.
   - Neighbors of node 14: [9, 17, 27]

3. **Determine which nodes appear in both neighbor lists:**
   - Compare the neighbors of node 1 [17, 24] with the neighbors of node 14 [9, 17, 27].
   - The common node is 17.

4. **Count the number of common neighbors:**
   - There is 1 common neighbor.

Therefore, the common neighbors of nodes 1 and 14 are [17], and the number of common neighbors is 1.

Final answer:
'Neighbours: 17, Number: 1'","{'neighbours': ['17'], 'number': 1}","{'neighbours': ['17'], 'number': 1}",1,5.1536479,472,247,719
graph_51085,"{'start_node': '1', 'end_node': '14'}",few_shots,standard,"Neighbours: [17], Number: 1","{'neighbours': ['17'], 'number': 1}","{'neighbours': ['17'], 'number': 1}",1,0.5117139816,882,10,892
graph_51085,"{'start_node': '1', 'end_node': '14'}",few_shots,cot,"To solve the problem, we need to find the common neighbors of nodes 1 and 14 in the given graph. Let's go through the steps:

1. **Identify all neighboring nodes of node 1:**
   - From the adjacency list, node 1 is connected to nodes 17 and 24.
   - Neighbors of node 1: [17, 24]

2. **Identify all neighboring nodes of node 14:**
   - From the adjacency list, node 14 is connected to nodes 9, 17, and 27.
   - Neighbors of node 14: [9, 17, 27]

3. **Determine the common neighbors:**
   - Compare the lists of neighbors for nodes 1 and 14.
   - Common neighbors: [17]

4. **Count the number of common neighbors:**
   - There is 1 common neighbor.

Therefore, the solution is:
Neighbours: [17], Number: 1","{'neighbours': ['17'], 'number': 1}","{'neighbours': ['17'], 'number': 1}",1,4.26926589,1088,201,1289
graph_51231,"{'start_node': '14', 'end_node': '2'}",zero_shot,standard,"Neighbours: 15, 19, Number: 2","{'neighbours': ['15', '19'], 'number': 2}","{'neighbours': ['19', '15'], 'number': 2}",1,0.8103711605,330,13,343
graph_51231,"{'start_node': '14', 'end_node': '2'}",zero_shot,cot,"To solve the problem, we need to find the common neighbors of nodes 14 and 2 in the given graph. Let's go through the steps:

1. **Identify all neighboring nodes of node 14:**
   - From the adjacency list, node 14 is connected to nodes 15, 19, and 20.
   - Therefore, the neighbors of node 14 are: 15, 19, 20.

2. **Identify all neighboring nodes of node 2:**
   - From the adjacency list, node 2 is connected to nodes 1, 15, and 19.
   - Therefore, the neighbors of node 2 are: 1, 15, 19.

3. **Determine which nodes appear in both neighbor lists:**
   - Compare the neighbors of node 14 (15, 19, 20) with the neighbors of node 2 (1, 15, 19).
   - The common neighbors are the nodes that appear in both lists: 15 and 19.

4. **Count the number of common neighbors:**
   - The common neighbors are 15 and 19, which makes a total of 2 common neighbors.

After verifying the connections for both nodes, we can conclude:

Neighbours: 15, 19, Number: 2","{'neighbours': ['15', '19'], 'number': 2}","{'neighbours': ['19', '15'], 'number': 2}",1,8.663094044,378,271,649
graph_51231,"{'start_node': '14', 'end_node': '2'}",few_shots,standard,"Neighbours: [15, 19], Number: 2","{'neighbours': ['15', '19'], 'number': 2}","{'neighbours': ['19', '15'], 'number': 2}",1,0.7495758533,788,13,801
graph_51231,"{'start_node': '14', 'end_node': '2'}",few_shots,cot,"To solve the problem, we need to find the common neighbors of nodes 14 and 2 in the given graph. Let's go through the steps:

1. **Identify all neighboring nodes of node 14:**
   - From the adjacency list, node 14 has the following neighbors: 15, 19, 20.

2. **Identify all neighboring nodes of node 2:**
   - From the adjacency list, node 2 has the following neighbors: 1, 15, 19.

3. **Determine which nodes appear in both neighbor lists:**
   - Compare the neighbors of node 14 (15, 19, 20) with the neighbors of node 2 (1, 15, 19).
   - The common neighbors are nodes 15 and 19.

4. **Count the number of common neighbors:**
   - There are 2 common neighbors: 15 and 19.

Therefore, the solution is:

Neighbours: [15, 19], Number: 2","{'neighbours': ['15', '19'], 'number': 2}","{'neighbours': ['19', '15'], 'number': 2}",1,4.314530134,994,209,1203
graph_51231,"{'start_node': '2', 'end_node': '4'}",zero_shot,standard,"Neighbours: 1, Number: 1","{'neighbours': ['1'], 'number': 1}","{'neighbours': ['1'], 'number': 1}",1,0.5616970062,330,10,340
graph_51231,"{'start_node': '2', 'end_node': '4'}",zero_shot,cot,"To solve the problem of finding the common neighbours of nodes 2 and 4, we will follow the outlined steps:

1. **Identify all neighboring nodes of node 2:**
   - From the adjacency list, node 2 is connected to nodes 1, 15, and 19.
   - Therefore, the neighbours of node 2 are: 1, 15, 19.

2. **Identify all neighboring nodes of node 4:**
   - From the adjacency list, node 4 is connected to nodes 1, 16, and 17.
   - Therefore, the neighbours of node 4 are: 1, 16, 17.

3. **Determine which nodes appear in both neighbor lists:**
   - Compare the neighbours of node 2 (1, 15, 19) with the neighbours of node 4 (1, 16, 17).
   - The common node between these two lists is: 1.

4. **Count the number of common neighbors:**
   - There is 1 common neighbour.

After verifying the connections for both nodes, the common neighbour is indeed node 1.

Final answer:
'Neighbours: 1, Number: 1'","{'neighbours': ['1'], 'number': 1}","{'neighbours': ['1'], 'number': 1}",1,6.494704962,378,253,631
graph_51231,"{'start_node': '2', 'end_node': '4'}",few_shots,standard,"Neighbours: [1], Number: 1","{'neighbours': ['1'], 'number': 1}","{'neighbours': ['1'], 'number': 1}",1,0.6531310081,788,10,798
graph_51231,"{'start_node': '2', 'end_node': '4'}",few_shots,cot,"To solve the problem, we need to find the common neighbors of nodes 2 and 4 in the given graph. Let's go through the steps:

1. **Identify all neighboring nodes of node 2:**
   - From the adjacency list, node 2 is connected to nodes 1, 15, and 19.
   - Neighbors of node 2: [1, 15, 19]

2. **Identify all neighboring nodes of node 4:**
   - From the adjacency list, node 4 is connected to nodes 1, 16, and 17.
   - Neighbors of node 4: [1, 16, 17]

3. **Determine the common neighbors:**
   - Compare the neighbor lists of nodes 2 and 4: [1, 15, 19] and [1, 16, 17].
   - The common node in both lists is node 1.

4. **Count the number of common neighbors:**
   - There is 1 common neighbor.

After verifying the connections, the common neighbor is node 1, and there is only one common neighbor.

Final answer: Neighbours: [1], Number: 1","{'neighbours': ['1'], 'number': 1}","{'neighbours': ['1'], 'number': 1}",1,5.404530048,994,250,1244
graph_51336,"{'start_node': '13', 'end_node': '19'}",zero_shot,standard,"Neighbours: 12, Number: 1","{'neighbours': ['12'], 'number': 1}","{'neighbours': ['12'], 'number': 1}",1,0.6616439819,297,10,307
graph_51336,"{'start_node': '13', 'end_node': '19'}",zero_shot,cot,"To solve the problem, we need to find the common neighbors of nodes 13 and 19 in the given graph. Let's go through the steps:

1. **Identify all neighboring nodes of node 13:**
   - From the adjacency list, node 13 is connected to nodes 5, 12, and 21.
   - Therefore, the neighbors of node 13 are: 5, 12, 21.

2. **Identify all neighboring nodes of node 19:**
   - From the adjacency list, node 19 is connected to nodes 12, 14, and 18.
   - Therefore, the neighbors of node 19 are: 12, 14, 18.

3. **Determine which nodes appear in both neighbor lists:**
   - Compare the neighbors of node 13 (5, 12, 21) with the neighbors of node 19 (12, 14, 18).
   - The common neighbor is node 12.

4. **Count the number of common neighbors:**
   - There is 1 common neighbor, which is node 12.

After verifying the connections for both nodes, we can conclude:

Neighbours: [12], Number: 1","{'neighbours': ['12'], 'number': 1}","{'neighbours': ['12'], 'number': 1}",1,9.167980194,345,251,596
graph_51336,"{'start_node': '13', 'end_node': '19'}",few_shots,standard,"Neighbours: [12], Number: 1","{'neighbours': ['12'], 'number': 1}","{'neighbours': ['12'], 'number': 1}",1,0.7103018761,755,10,765
graph_51336,"{'start_node': '13', 'end_node': '19'}",few_shots,cot,"To solve the problem, we need to find the common neighbors of nodes 13 and 19 from the given adjacency list. Let's go through the steps:

1. **Identify all neighboring nodes of node 13:**
   - From the adjacency list, node 13 has the following neighbors: 5, 12, 21.

2. **Identify all neighboring nodes of node 19:**
   - From the adjacency list, node 19 has the following neighbors: 12, 14, 18.

3. **Determine which nodes appear in both neighbor lists:**
   - Compare the neighbors of node 13 (5, 12, 21) with the neighbors of node 19 (12, 14, 18).
   - The common neighbor is node 12.

4. **Count the number of common neighbors:**
   - There is 1 common neighbor.

Therefore, the solution is:

Neighbours: [12], Number: 1","{'neighbours': ['12'], 'number': 1}","{'neighbours': ['12'], 'number': 1}",1,3.802051067,961,198,1159
graph_51336,"{'start_node': '1', 'end_node': '2'}",zero_shot,standard,"Neighbours: [21], Number: 1","{'neighbours': ['21'], 'number': 1}","{'neighbours': ['21'], 'number': 1}",1,0.7085361481,297,10,307
graph_51336,"{'start_node': '1', 'end_node': '2'}",zero_shot,cot,"To solve the problem of finding the common neighbours of nodes 1 and 2, we will follow the outlined steps:

1. **Identify all neighboring nodes of node 1:**
   - From the adjacency list, node 1 has the following neighbour:
     - 21

2. **Identify all neighboring nodes of node 2:**
   - From the adjacency list, node 2 has the following neighbour:
     - 21

3. **Determine which nodes appear in both neighbor lists:**
   - Compare the neighbour lists of nodes 1 and 2:
     - Node 1's neighbours: [21]
     - Node 2's neighbours: [21]
   - The common neighbour is:
     - 21

4. **Count the number of common neighbors:**
   - There is 1 common neighbour.

Therefore, the common neighbours of nodes 1 and 2 are [21], and the number of common neighbours is 1.

Final answer:
'Neighbours: 21, Number: 1'","{'neighbours': ['21'], 'number': 1}","{'neighbours': ['21'], 'number': 1}",1,8.49728322,345,212,557
graph_51336,"{'start_node': '1', 'end_node': '2'}",few_shots,standard,"Neighbours: [21], Number: 1","{'neighbours': ['21'], 'number': 1}","{'neighbours': ['21'], 'number': 1}",1,0.6101119518,755,10,765
graph_51336,"{'start_node': '1', 'end_node': '2'}",few_shots,cot,"To solve the problem, we need to find the common neighbors of nodes 1 and 2 in the given graph. Let's go through the steps:

1. **Identify all neighboring nodes of node 1:**
   - From the adjacency list, node 1 has the following neighbors: 21.

2. **Identify all neighboring nodes of node 2:**
   - From the adjacency list, node 2 has the following neighbors: 21.

3. **Determine which nodes appear in both neighbor lists:**
   - The common neighbor between node 1 and node 2 is node 21.

4. **Count the number of common neighbors:**
   - There is 1 common neighbor.

Therefore, the solution is:

Neighbours: [21], Number: 1","{'neighbours': ['21'], 'number': 1}","{'neighbours': ['21'], 'number': 1}",1,7.475895643,961,159,1120
graph_660,"{'start_node': '5', 'end_node': '8'}",zero_shot,standard,"Neighbours: 7, 9, Number: 2","{'neighbours': ['7', '9'], 'number': 2}","{'neighbours': ['7'], 'number': 1}",0.5,1.058371782,240,13,253
graph_660,"{'start_node': '5', 'end_node': '8'}",zero_shot,cot,"To solve the problem, we need to find the common neighbors of nodes 5 and 8 in the given graph. Let's go through the steps:

1. **Identify all neighboring nodes of node 5:**
   - From the adjacency list, node 5 is connected to nodes 2, 7, and 9.
   - Therefore, the neighbors of node 5 are: 2, 7, 9.

2. **Identify all neighboring nodes of node 8:**
   - From the adjacency list, node 8 is connected to nodes 4, 6, and 7.
   - Therefore, the neighbors of node 8 are: 4, 6, 7.

3. **Determine which nodes appear in both neighbor lists:**
   - Compare the neighbors of node 5 (2, 7, 9) with the neighbors of node 8 (4, 6, 7).
   - The common node in both lists is: 7.

4. **Count the number of common neighbors:**
   - There is 1 common neighbor, which is node 7.

After verifying the connections for both nodes, we can conclude that the common neighbor is node 7, and there is only one such common neighbor.

Final answer:
Neighbours: 7, Number: 1","{'neighbours': ['7'], 'number': 1}","{'neighbours': ['7'], 'number': 1}",1,5.495452166,288,274,562
graph_660,"{'start_node': '5', 'end_node': '8'}",few_shots,standard,"Neighbours: [7, 9], Number: 2","{'neighbours': ['7', '9'], 'number': 2}","{'neighbours': ['7'], 'number': 1}",0.5,0.714302063,698,13,711
graph_660,"{'start_node': '5', 'end_node': '8'}",few_shots,cot,"To solve the problem, we need to find the common neighbors of nodes 5 and 8 in the given graph. Let's go through the steps:

1. **Identify all neighboring nodes of node 5:**
   - From the adjacency list, node 5 is connected to nodes 2, 7, and 9.
   - Therefore, the neighbors of node 5 are: [2, 7, 9].

2. **Identify all neighboring nodes of node 8:**
   - From the adjacency list, node 8 is connected to nodes 4, 6, and 7.
   - Therefore, the neighbors of node 8 are: [4, 6, 7].

3. **Determine which nodes appear in both neighbor lists:**
   - Compare the neighbors of node 5 [2, 7, 9] with the neighbors of node 8 [4, 6, 7].
   - The common neighbor is node 7.

4. **Count the number of common neighbors:**
   - There is 1 common neighbor, which is node 7.

After verifying the connections for both nodes, the common neighbor is correctly identified. 

Final answer:
Neighbours: [7], Number: 1","{'neighbours': ['7'], 'number': 1}","{'neighbours': ['7'], 'number': 1}",1,4.915082932,904,258,1162
graph_660,"{'start_node': '1', 'end_node': '10'}",zero_shot,standard,"Neighbours: 3, Number: 1","{'neighbours': ['3'], 'number': 1}","{'neighbours': ['3'], 'number': 1}",1,0.6108050346,240,10,250
graph_660,"{'start_node': '1', 'end_node': '10'}",zero_shot,cot,"To solve the problem of finding the common neighbours of nodes 1 and 10, we will follow the outlined steps:

1. **Identify all neighboring nodes of node 1:**
   - From the adjacency list, node 1 is connected to nodes 2, 3, and 4.
   - Therefore, the neighbours of node 1 are: 2, 3, 4.

2. **Identify all neighboring nodes of node 10:**
   - From the adjacency list, node 10 is connected to nodes 3, 6, and 9.
   - Therefore, the neighbours of node 10 are: 3, 6, 9.

3. **Determine which nodes appear in both neighbor lists:**
   - Compare the neighbours of node 1 (2, 3, 4) with the neighbours of node 10 (3, 6, 9).
   - The common node between these two lists is node 3.

4. **Count the number of common neighbors:**
   - There is 1 common neighbour, which is node 3.

After verifying the connections for both nodes, we can conclude:

Neighbours: [3], Number: 1","{'neighbours': ['3'], 'number': 1}","{'neighbours': ['3'], 'number': 1}",1,6.143288136,288,249,537
graph_660,"{'start_node': '1', 'end_node': '10'}",few_shots,standard,"Neighbours: [3, 6, 9], Number: 3","{'neighbours': ['3', '6', '9'], 'number': 3}","{'neighbours': ['3'], 'number': 1}",0.333,0.6852312088,698,16,714
graph_660,"{'start_node': '1', 'end_node': '10'}",few_shots,cot,"To solve the problem, we need to find the common neighbors of nodes 1 and 10 in the given graph. Let's go through the steps:

1. **Identify all neighboring nodes of node 1:**
   - From the adjacency list, node 1 is connected to nodes 2, 3, and 4.
   - Neighbors of node 1: [2, 3, 4]

2. **Identify all neighboring nodes of node 10:**
   - From the adjacency list, node 10 is connected to nodes 3, 6, and 9.
   - Neighbors of node 10: [3, 6, 9]

3. **Determine the common neighbors:**
   - Compare the neighbor lists of nodes 1 and 10: [2, 3, 4] and [3, 6, 9].
   - The common node in both lists is node 3.

4. **Count the number of common neighbors:**
   - There is 1 common neighbor, which is node 3.

After verifying the connections for both nodes, the common neighbor is correctly identified. Therefore, the final answer is:

Neighbours: [3], Number: 1","{'neighbours': ['3'], 'number': 1}","{'neighbours': ['3'], 'number': 1}",1,5.254122019,904,253,1157